"NAME","Restaurant_details","yi40Hd","RDApEe","rate","address","map_link","type","images","BI0Dve","if66xd","BI0Dve 2","BI0Dve 3"
"The DeIicious Yard // family restaurants in jaipur","·  · Restaurant","4.7","(693)","₹200–600","3, Panchawati Colony, Plot No.- 2, in front of Mahima Panache","data:image/svg+xml;base64,PHN2ZyB3aWR0aD0iMTYiIGhlaWdodD0iMTYiIHZpZXdCb3g9IjAgMCAxNiAxNiIgZmlsbD0ibm9uZSIgeG1sbnM9Imh0dHA6Ly93d3cudzMub3JnLzIwMDAvc3ZnIj4KPHJlY3QgeD0iMiIgeT0iMiIgd2lkdGg9IjEyIiBoZWlnaHQ9IjEyIiByeD0iMyIgc3Ryb2tlPSIjMDI4MTAwIiBzdHJva2Utd2lkdGg9IjIiLz4KPGNpcmNsZSBjeD0iOCIgY3k9IjgiIHI9IjMuNSIgZmlsbD0iIzAyODEwMCIvPgo8L3N2Zz4K","Veg-only","https://lh3.googleusercontent.com/p/AF1QipOE00q9p_3WYJqQA_mkHxwqKFiCiYZGHDiaeyQI=w115-h115-n-k-no","","","",""
"Mr Tandoor Hotel & Restaurant","·  · Restaurant","5.0","(18)","₹400–600","Commercial Complex, C-50, near Genpact","https://lh3.googleusercontent.com/gps-cs-s/AC9h4npaC3703fPEGT6Q_XdjfDLn-2-L_2EDq7VitfIRM4Yj3tmSctan2dBqiezeC4UsCtQWWH8iAG_u8Mn5js5oZQOcAS9IUy7Q26VCvxHxYRqcZJa2aTJjw6-GXUZNt11f35TlKK2t=w115-h115-n-k-no","","","Dine-in","·","Drive-through","No-contact delivery"
"Dorothea Cafe | Jaipur | Restaurant | Global Cuisine","· Restaurant","4.7","(1.1K)","","Plot no- 10A","https://lh3.googleusercontent.com/p/AF1QipMTrNDGbDy9AwLoreMb7TUBfCkEHgX0PyEQKeMe=w115-h115-n-k-no","","","Dine-in","·","Takeaway",""
"Tandoori Grill","·  · North Indian","4.8","(86)","₹200–400","GROUND FLOOR, Shopping Centre, Rana Sanga Marg","https://lh3.googleusercontent.com/p/AF1QipMC9vEvJAuDGzS60fEoiv99sspK39rAEQLiRHWb=w115-h115-n-k-no","","","Dine-in","·","Drive-through","No-contact delivery"
"The resort hotel & restaurant","·  · Family-friendly","4.7","(46)","₹200–400","14H - 222 khatipura","https://lh3.googleusercontent.com/gps-cs-s/AC9h4noxomeD50BsjvhhOx0lFqKd9TijKG-apEvejsGZhmQbkz10F0sXPEXU1v67va8-mNG30lDH6EcgZsQ5poULj4Td16E4GmkFuTqhqs8DMn8r-GTpkfPMs4HFLmCqgUOQ1tf1lJcHcw=w115-h115-n-k-no","","","Dine-in","·","Drive-through",""
"The Pink Sitara Restaurant | Best Restaurant in Jagatpura, Jaipur","· North Indian","4.4","(56)","","4th Floor, All Starr Club, next to D-Mart","https://lh3.googleusercontent.com/p/AF1QipP60xqqHjPneQcNDL42ycJyIoQbXCR7N34dp0A1=w115-h115-n-k-no","Veg-only","data:image/svg+xml;base64,PHN2ZyB3aWR0aD0iMTYiIGhlaWdodD0iMTYiIHZpZXdCb3g9IjAgMCAxNiAxNiIgZmlsbD0ibm9uZSIgeG1sbnM9Imh0dHA6Ly93d3cudzMub3JnLzIwMDAvc3ZnIj4KPHJlY3QgeD0iMiIgeT0iMiIgd2lkdGg9IjEyIiBoZWlnaHQ9IjEyIiByeD0iMyIgc3Ryb2tlPSIjMDI4MTAwIiBzdHJva2Utd2lkdGg9IjIiLz4KPGNpcmNsZSBjeD0iOCIgY3k9IjgiIHI9IjMuNSIgZmlsbD0iIzAyODEwMCIvPgo8L3N2Zz4K","","","",""
"Madhuban Rooftop Restaurant","·  · North Indian","4.3","(279)","₹200–400","ICICI Bank, Block B/C7, Central Spine Yojna, Hare Krishna Marg, near Akshay Patra Temple","https://lh3.googleusercontent.com/gps-cs-s/AC9h4npg471xdFVmAnXa2ZlKQHRz_p4v4WWPwJK6U2xQpfIC7jlBVyTsuH_L2g0LVgHC14czbPxi4yeuJDMEKlU9-XYjuhNeUnY4WQ4-ahawLQYi4jULMSPd3l5yPzn0IQUS4U5rM1w=w115-h115-n-k-no","Veg-only","data:image/svg+xml;base64,PHN2ZyB3aWR0aD0iMTYiIGhlaWdodD0iMTYiIHZpZXdCb3g9IjAgMCAxNiAxNiIgZmlsbD0ibm9uZSIgeG1sbnM9Imh0dHA6Ly93d3cudzMub3JnLzIwMDAvc3ZnIj4KPHJlY3QgeD0iMiIgeT0iMiIgd2lkdGg9IjEyIiBoZWlnaHQ9IjEyIiByeD0iMyIgc3Ryb2tlPSIjMDI4MTAwIiBzdHJva2Utd2lkdGg9IjIiLz4KPGNpcmNsZSBjeD0iOCIgY3k9IjgiIHI9IjMuNSIgZmlsbD0iIzAyODEwMCIvPgo8L3N2Zz4K","","","",""
"The Kitchen 21","·  · North Indian","4.5","(786)","₹200–400","Plot No.1, Prahlad Colony, Near, Sanganer Thana Flyover, opposite Airport Runway","https://lh3.googleusercontent.com/p/AF1QipMzfbu4AW-NxuO5I6YsBXhp0RzqmQjzsqyVP22w=w115-h115-n-k-no","Veg-only","data:image/svg+xml;base64,PHN2ZyB3aWR0aD0iMTYiIGhlaWdodD0iMTYiIHZpZXdCb3g9IjAgMCAxNiAxNiIgZmlsbD0ibm9uZSIgeG1sbnM9Imh0dHA6Ly93d3cudzMub3JnLzIwMDAvc3ZnIj4KPHJlY3QgeD0iMiIgeT0iMiIgd2lkdGg9IjEyIiBoZWlnaHQ9IjEyIiByeD0iMyIgc3Ryb2tlPSIjMDI4MTAwIiBzdHJva2Utd2lkdGg9IjIiLz4KPGNpcmNsZSBjeD0iOCIgY3k9IjgiIHI9IjMuNSIgZmlsbD0iIzAyODEwMCIvPgo8L3N2Zz4K","","","",""
"Rustic by OTH","· Indian","4.5","(2.9K)","","H, 12, SL Marg, opposite जेनपैक्ट जयपुर","https://lh3.googleusercontent.com/gps-cs-s/AC9h4nog9Bz4dVg0zmnBtmXUREBdH9CBLBWfLjnSILwF5_9tkq2OligXC2t7VM2OxZ0kgZ0sa34jlT0ph6zC5JS3Bf-OglEx3GcwCciqGyD6mfZcNUxVqj6ywPEuHuP38ckhiW-sjmMx=w115-h115-n-k-no","","","Dine-in","·","Takeaway","No-contact delivery"
"Moon Night Cafe & Lounge","·  · Non Vegetarian Restaurant","4.4","(308)","₹","Plot no. 10, 11 Near, Jain Vatika Rd","https://lh3.googleusercontent.com/gps-cs-s/AC9h4noYvKA4h4gteTq-4gl481giv92bQjUvJzwgqqSZh-IwkF5O3p11wparWGr1WGqMbQOa51FOw2poazOSKPXyGxUKwWSe48dxL0t8A8PW4W5xrjyDFx0zsthiQVgVYsqycWgb5q7K=w115-h115-n-k-no","","","Dine-in","·","Drive-through","No-contact delivery"
"Dine 'N' Delight Now Swaad Wala's - Pure vegetarian Restaurant | Best Family Restaurant | Near By Durgapura Railway Station","·  · Vegetarian","4.8","(800)","₹200–400","Durgapura Railway Station, Plot no. 07, opp. power house","https://lh3.googleusercontent.com/p/AF1QipNNZJov8PUHcj4TQo4xirGMV5O-jaS1LieggOkg=w115-h115-n-k-no","Veg-only","data:image/svg+xml;base64,PHN2ZyB3aWR0aD0iMTYiIGhlaWdodD0iMTYiIHZpZXdCb3g9IjAgMCAxNiAxNiIgZmlsbD0ibm9uZSIgeG1sbnM9Imh0dHA6Ly93d3cudzMub3JnLzIwMDAvc3ZnIj4KPHJlY3QgeD0iMiIgeT0iMiIgd2lkdGg9IjEyIiBoZWlnaHQ9IjEyIiByeD0iMyIgc3Ryb2tlPSIjMDI4MTAwIiBzdHJva2Utd2lkdGg9IjIiLz4KPGNpcmNsZSBjeD0iOCIgY3k9IjgiIHI9IjMuNSIgZmlsbD0iIzAyODEwMCIvPgo8L3N2Zz4K","","","",""
"J D Restaurant & Cafe","·  · Indian","4.6","(304)","₹1–200","Shyosinghpura at Kallawala, Rajasthan","data:image/jpeg;base64,/9j/4AAQSkZJRgABAQAAAQABAAD/4QBoRXhpZgAASUkqAAgAAAACADEBAgAHAAAAJgAAAGmHBAABAAAALgAAAAAAAABQaWNhc2EAAAIAAJAHAAQAAAAwMjIwA5ACABQAAABMAAAAAAAAADIwMjQ6MTA6MTggMTg6MDg6NTcA/9sAhAAIBgYTEhESExMSFRUTFhgWExYVFhcWHRcXFxYVFxgXGRcXGB4iHxcaJRgVFh0rHSAkJSgoKBceLTEuJjAiJy0nAQkJCQ0MDRgODhkyIh0iKi4tLSgtJi0nLS8tLSsnKC4nKCkuLzAyLSctJy8nJy0nLycnLSYmLSYnJy0nJycnJy3/wAARCABaAFoDAREAAhEBAxEB/8QAGwAAAwEBAQEBAAAAAAAAAAAABAUGAwcCAQD/xAA9EAACAQMCAwUFBQYFBQAAAAABAhEDEiEABAUxQQYTIlGBMmFxkaEUQlKx8CNicsHR0geCsuHxFjM0k6L/xAAaAQADAQEBAQAAAAAAAAAAAAACAwQFAQAG/8QAOBEAAQQAAwQHBwMDBQAAAAAAAQACAxEEEiExQVFxE2GBkaHB8AUUIjKx0eEVIzNSovFCU3KSsv/aAAwDAQACEQMRAD8A5nSq6znBbrXI2k4/50lwVLCE82W1BEj6f01K99KprQmO34fJGAfodKc+hablCfcOuTAMD49PLU0jt686MEappvdz3lVKloFoA8Pu6/HSTLZSYoMjC3ilXHWNZp5/DVEb95TI4A1tKX3PD46fr89VNevFnBA16Is+Dgn1Rx+caa069n2U8gAI5+RS6rTzy05hU8nWl9Vs4MjTwFO51bF8uGiylKzhZgEcxoy1C2RE0qoGkOaVXHIFR8K3IOo5WkK+OQFUGz3gU5PpqRzCQqLBFJlQqqc6Q9pRog1NLDdNUOU3e5C19wOv69RprGcEWxKt3VBH9f66pa0pbnBZbXgNXcUq7IPClhY/5p+PLRmQMOz1s+qjle2w0mrUhuBAkfTI1oNFqN7kuKEk6oDFK6REDZ+/TxGp8624hte7e089AHAiwhNg0hn22jMdi15shBW+1cpOpJo1bDNaKfipBEnyH6n00kQWNFT73lOpVTwPZbmvSepSpsyIfEwIAECTMkchnU0kQB/Ce3GDSztVJxjhKIu17qve9ZgviFqrKg+LyMsuPjpQh4G9Loburr8FxmOdbswoBJe0fDqu1rCnUZSSLxaZwSRnAjkdNbAdQRS8Mc1zbCSVahg/CflqqGC7CmlxaEpcTqKtamrEK9NrgPvWwwn666/DCwa3pYxNpe5ke/H6kauEYCidKSvSbFmkohPwB+pGB66GSWOM/EV2OKST5QmS9n6sc1H+ddK/U4eB7lR+mYhD8cipVd1GJBEfr46OLDuETWnaBSjmmBkJG9BxkiOi/wAtXubTaU7Xa2mXC+EDcFgDZaBJIwZ5CMR8Z/2y8U4tAV+Go2hqmxsrVKcglDEjrNMf1GmR6xtPGvqgefjd1X9FR8C4nW2rOtNioe2V6EhWIkHBwddmgErLH+eaBsoY6nJ/W4+71vtJooQhB5RLMAuYHlgmPhqR2EksZjq7dWhq9ye3ERlpA2DfwtJON7d2Za5W1WXAknAJWZYk8x1PXVbcN0MdKQ4npH6IfhNJr5agKiEFReSqyRE3AiY+OlMxUcR1KecJNMKaF72XZiCGdsmRaoxDY5tHQ9AdKOLe8VGztKqGEZH/ACvA6hqjKHCKFPkgY+Z8X+rH/wA6BzMRL87q5LoxGGi+RlniUYaZMBUJ8sT8hy+Q0PQQx/Odea973iZR+2KHUPNeSKn4X+R08Nw9bW94Uh95vYfFLqabIh4hS6lfECLSeqzENjVHQ4+PYb5jzCScTgJdSC3kfIoAdmFLApuUYEibsGJzGcn3Y0Yxkzf5Yj2a/le93gd/HKL4HRUPZ7gL01rTGXFhn2kAOSJNpzykx79SYmdkoBbenEUqYIXxE5q14G1jW2xq12pvRYKoYCoLYZoFozFqTEk/HppQlZG0EPF2LB3J/RSOJthqtDxRey4N3rd5XlCCPCsHAW3mCc4GI1RBjYGDIDfYSpMVg8Q74qrmQFvX2cgqqlE+RMNILTJuiJxGqXTTSUY46re77BTRxYeIETS3e5uvjsRKcEgC20ki7qYnzMG0/LU88Ejx+7JfUNAqIcXGw/sxUP6jqfXVqsN3tXpiZUt5SQemLoJ66XDExp2Ls+JlkGrtO7wSHbV9w1SoGpGmoDWPKGXkWky2VicWg+8apkdlHwsJ5JUUbX/NIBzK3Vytxq1aXmoEr8JMt+WltdO6ssXeUckeEb803cLW9Xj9CxAGQMJDFCzz6H+0a0o8KXj42efksmTFGJ37Tz/58yshxKn7/wD0n+3TP0eL+gJP69iP909623fCkF3he0MVulDJHPEDpqyPEtJDCRm00o7+vVRywuaC4A0L1sbu5KanZ9CXg5DWC1SST4ui5GF9/wBNPL2HQ8O5JaJBrrtoabdvhoqfsfw806LyZmoYy3RVEeIAjIONYHtgNzNDeH3X0PsYktcT670nr7eq+4qgbhgO8YKtzwPFEezH11bBh4ugaXN1q93C+KlnxEpncGnS638uCe7OkdqUapSqNU6ltxXhiOoprKjEdBoGMzHNFRHYhlNACSweV/Re91tGr/tFvAYnk9SFlsAkx+XTWo10QaGvAvs15LFLZ+lLoyct9enO9i99n6NhtuuknxHvCcA4lhEevPU+OZGYyRpW7TjzT8BJL0wDhYO+ncOJFeKM4/sFdJJIyBiSTOAAJ8yOWpPZ7WZiXC9N60PaTpMjcjq13b+pRW57LU5MhwbSwD07ZAIBgkz1HTWpmaT8Ndh/CzhnA+K9l6itnb5IWr2ZVSjFQLoHTmMZ8jHTXGBhsDcjfI8Zb3ptS4MqKzim5RbpaVA8BIYxB5Wn5a4yUA5SRfIlBNE5zS4A1rrYGzvVHt+CU2RWl8gHmvUfw6N2Ke0kaeu1TMwMbmh1nXl9kjXvHrOD3llzqFskMXYeO4cgFJGcyD0InOdh3CYPA/p1sbAAtUYhhiMZOpzaUd5K90D4i8NBqZKqSYKVPwgn7wHrq/FsLowwba+yhwMobI552XuF8VScOpQrY51HbPPxEHPodfP+0dS3kvpfZugfzS+jtoZvFU9smz7kms7hgbOZ8ugge81McRlO7LX9oHH14Jb42lrm1rmvxJ4dX53oivUKC43EqWAwTk4kgDlOenXMZ0x8tN+EDj9SlMwwLwXEnd4gcOrs13aqX7Ldqa253C0nVQDSG4JS4eJmp4IM+GKh+WjbLsBA+W7SZMKAXEE/NVcjv06lZbOrYAsYAMEzJzP4R7+vl74XOS7MSmQxNYGgetERxBAyJz9tWx+6wP8ALQYN23khxbA4gHcQe5Q/bTjf2RKbWGpioufBhyjfh6BIj3/NjJvd9Kuzy4on4YYnW6oEbL211hGtwaaYqF2IAFSCD+GfP01otkaXaNq1kuheG6uuur8r7Ur0u4rBq3jA3ISl+8zVbemSb/PqNSmN3TB1GtPJU9MzoHMJAOu/XaVTbB/2VP8AgX/SNemd+47mUOHZcTD1D6LktHtNXfLd0E8Xj74HkPCLS05bBPT6aH9Sa3TJry/CP9Kc7UvNVxvzQFTtmVYq1JTBgsrSPSQJ+mnt9pOP+nxUrvZDR/q8F1Psbue82lN4iS+PIhoP1GsTHzmd4eV9FgsJ7o0xcPPVD02k1IMi6eQgSXJz5/HyHLTWyuocvsj6Jpv1xXzf1TawtPtc45C6Zm0iI8vPpkjzpTlIPBeZCM4I4+fL14qD/wAO6zfaSWiBQpKssIiaYEeLEwPmBGcGyWjs3UgkhskXvJXTk3ZYiIKmRcCDyu/eP8+voT5AW0hbCQ61+4tx2hSFNalVVY+IAsQYmAcdMdfI6VhpGs2lFJgppyTG0kBc9/xB3Xf0aXdOGMnNIuxHhHO0EjMjl/PR4hwdRGq9Dh5YbEjSOYIVaN4v2UgRPck2i68nu4NqmCTOI6k6ubMxpFlZD4Xua4NHFSFLtjTk3ghpzdSpzPWYEzOq2zx1vHafus50EgOoB7B9k1p9vlAAFUAAAAd3yHy0BbhybJPimCWdooAKS/6bqNQpUqhFJQ97VXelFpviENQExfPTlrA6VubMNe9fR9EcuUih2LTf9jqAptUp1WVb1ipWYCnYVPsFFN0uVgmMe/nxmKt2WtUb8IMt3orjsZxnbrQXbpXR6iXswW4CGctK3AXASJjl66RICBZVj5BJIXDfXgKUH2n4oz1ovfwjkWMAmTgSQMEZ5+c41fEPhWRjHHpABuQQ7UV0W267lFxJiP10jXJGhPwmJkzAOOYXv18dviVr2UpMtSsUwe7DoJYElTaVDjJEGOeA3vyppttq/FRdG/UaH1tVNV7YDwsjqxBMogqXRmL0DScETHWcctCWE62fp91wNANZgO0O7BWtoPtNVWq95Qd4YTFWCYAOFtIEBlPX2hpLbOlfVaGDEl5WO04UP8+KnPstQc0tJ5Eso+pIGiDHHYFZLjIoTUjg09ZTU7TiNOlCFO6BLiWk5A9lxKjrgHqfPVkeUgAgX3H7r5XGvBmc9hOU62NR4oziW33C7ehUenc7SXX21RQBioFAgEnkcYYGeqC7KSRx6yqsFBHK6pTpX/Ek6eqSBuMkkkkyc/8Adq/3a7705X/o+H4Hv/C6DxbsztXArKtxrQwOCCLBbapxk2DP4idSnOPhs6LKY5u2gvnDuHLTDUz4lyndHCKWN02DBAa8e8ATJklVC8x28yVTmOWgaG3TRc42+4rtUqBKdZ1uZQUVyIDER4RrRZ0bKBodyzpY5Zbc0k9pTZOxO6q2EUilwm5yAB7nU+JT7onI0Rnj3FLZhZ9hHekfGeA7nbMnfUiobAYEMs+UqTB9x8sTrnSNeDlVEULontz6ahfRxbu6bKCt0mIIJBIjETHnnSmRu3rdxHtKMRFkZsnq0SOkw0+lgEUEw+3kJa0OBkXi60/uz7PTlrzhYKKB5ZI1w2cN3d5hGbbikEGXTphiR8jn66kLLX0LnMkbrp4qs2fFd7Qotu4ovt1sBdgO8JewYCwYlxzIx8teLcwrMfqPXasoZGzZS0DkNfXYgaXaOi1dKyuiurXAFCBM8+YPyOvNjDdovrB8imyxF4/bkHIilXr2koECayT1xV/vP56Z0jeB/wCv4UvueI4f3H7qZ7JdqkXuKdRwzoKiUwAbRe12CRkwAB5ZHlrszbtyljBADQE94rxPcU6LNQsDzNxRSSPvgE9R7YmcBhztGomNaXfFsKvDyBQ3fRSNPj2/qY+1VCwg2oqTz8lUDmDjIOnmGFupA7UImkdsKePV4juA5g0iUCREAsuQ4DglSTOVyMQTz1OZooiADfiqBFJJqRXgst72e3Rcs242yhgGJepax9xCoWJ+AjVEeJZkGY0p5cO7OaCleOcA29NGZN0rVREU0pkKc5yzAjGfZ6abHOXkU01xSnRNZduF8EkoUkGSWJ8hAHqcz6DTwp3ErPcPz107F2MaoikeWpitth0VVQ4qTsK+0gm9kZGnClHViCI5EL6fkIOtpsuC6Rwe06+t6kq22ZPaXHKenz00EHYpJInxn4xXrih+6HlrtpOVqN7Of+Xt/wCMfkddn/jKli+cLru5P7E/wT6+fx1lu+VUs+ZUVRQFIAgR01mO1dqtYbFAcS3Tl2BdiPIkx8tPaBaS4lKu31IKkAAC+lgCOdOsT9QD6a1sIADpw81nYgkjtUlT5DV42LNdtWC64EZWVbXimR7URT6empytRm5UPDvZb46Ut2DYVjufvDpB/LXW7VPiz8Dh1H6KcOnr5rMV/9k=","Veg-only","data:image/svg+xml;base64,PHN2ZyB3aWR0aD0iMTYiIGhlaWdodD0iMTYiIHZpZXdCb3g9IjAgMCAxNiAxNiIgZmlsbD0ibm9uZSIgeG1sbnM9Imh0dHA6Ly93d3cudzMub3JnLzIwMDAvc3ZnIj4KPHJlY3QgeD0iMiIgeT0iMiIgd2lkdGg9IjEyIiBoZWlnaHQ9IjEyIiByeD0iMyIgc3Ryb2tlPSIjMDI4MTAwIiBzdHJva2Utd2lkdGg9IjIiLz4KPGNpcmNsZSBjeD0iOCIgY3k9IjgiIHI9IjMuNSIgZmlsbD0iIzAyODEwMCIvPgo8L3N2Zz4K","","","",""
"Skyfall Restaurant","·  · Restaurant","4.3","(6.4K)","₹₹₹","5th Floor, Ridhi Tower, SB 57, Tonk Rd, opposite Sawai Mansingh Stadium","data:image/jpeg;base64,/9j/4AAQSkZJRgABAQAAAQABAAD/4QCARXhpZgAASUkqAAgAAAACADEBAgAHAAAAJgAAAGmHBAABAAAALgAAAAAAAABHb29nbGUAAAIAAJAHAAQAAAAwMjIwhpIHACwAAABMAAAAAAAAAEFTQ0lJAAAAICAgICAgICAgICAgICAgICAgICAgICAgICAgICAgICAgICAg/9sAhAAIBgYREhESExAREhISFhUcFRcWFhgYFxcaIB0XExcXGhkZGx0lHR0iIBgXFx0rHSwlJigpNBgdLTEsJjAlJygmAQkJCQ0MDRkODhkxIh0iKiovJyonLSgoLSgnLSgtJzAnLSctLSctLSYoJyYnJy0tJiYmLyYnJycnJicmLScmJyf/wAARCABaAFoDAREAAhEBAxEB/8QAGwAAAwADAQEAAAAAAAAAAAAABAUGAgMHAQD/xAA7EAACAQIEBAQFAQcCBwEAAAABAhEDIQAEEjEFIkFRBhNhcTKBkaHRsQcUI0LB4fAzcjRDUmKCsvEV/8QAGQEAAwEBAQAAAAAAAAAAAAAAAQIDBAAF/8QAMBEAAgIBAwEGBQMFAQAAAAAAAQIAEQMSITFBBBMiUXHwMmGBkaEUsdEjM0LB4VL/2gAMAwEAAhEDEQA/AOO0MizCQ6Dk1X1C0xc6YEmLzpEiSMLd2QOJq7ogC2AsfPcfaMMr4fzBQvSqUo+BwtUBlk3FQW0iV62MCJxI5l1aWB+o2+8KYn5Qj6X/ABKXhHAFChq718xUcAGiFZF0rp0k1HiQNKwsqYABHTCtVeEe/wBpdC9+NrHr7P16yso8VRIVcrVQFoGmnTgk6jNn7gjacQ7u+QZc5K4IhK8VpuoPlVmU96Yj3uccEHS4pfzIi98hk6rGcgv+9kpKD81JbDhmHFyZRDzU01fCOSNN9NHRU3WDK7qebVLRyxAixYAicUViRuYrADgCvQSCzGQNKVqNllbYiHJTdf8AoIEzrm/8pHbDg35yW46D7Q7KcHqVNWhQSonky4IgvBvUCgaZmTsOoiyM4HJ/MooY8AfYR5wvwgTeo6oTf+H5ZbYgKERHU3kltdxpsNxB+0Dpv95fHga+K+ghWZoZWhZ6ZaTIFZhUJLGY8tbLIIgyoMHocAMTuIzKo+I+/fvaKKnidJOjKKqTyj93pWHQXpzt3viulvP8mR71P/J9/Wacl4QVD/HksLeSjHQvQhn3aTfSsDpqOKHI3AkhhXYnjyuxK3K8PCgagAB8KKAFX2AsP17nCLj3sx2ybUs2/u5YwjFZPQD59Jw+m+DJ3UG4/wAOrRSFN2bmjcLBOkATPW+HIIi7GOaGQQWaW07A7Rb+UQPTC6B1jaj0hNTKSJpwD26H8YJS+IA1cwVHIsRHdTiVSs8zfDRUUlCKFQA6ahGrT7EQwn0PvIkHtI68TtR4G8RvSamyrWermJYteV6FfhXbYGZNyZkWOVyGPhHv+ZrUsoo+/tN1LiFTUmmmKKEleVQrGFPxNGon6D0nCHg7x1ayPKT+fPORy2eY69TP98acfwiZcvxERNULkk6wJMxfFakLMuRn8qskMyiBuuqTBJC6NVhESY+mODoDtH7vIw3qbH4hTIJTzH0rqIRGcjtIUW73t64JzJCvZ3Myy/FqdMc61VJbTLIV67X+s+/bHd8g6zv02U9IXms1qpo8FV1o0ta0qdt9vnbCntKltIh/SsF1EzZleLUXeFqpIHMDYjtY/PHd+OSCPfyuDuDwpB9/OManEqSCQfMPZWSfuw+2B+qToD9o36V+pH3ibiPiQEwMvpItLtpb5iPniT9qLfCPfv5yq9kC/Ef9Q3hnjPRla9I0AzMrQ8rbUAq6jYmGJNug9zhBkbQwbeB8A71SpoevlJ+lnqrMHJpkja1u/f8AGM5auk2jFq5M9zFR3YNUqklZi4AE7wMJqPQR1xIsH8qnM2Prucdb8RqxjepmHp9x9MDS0OpYBVp2tlxMwOcfnFVav8plZL/xnRcplaVPhNGo1NPNJ01GEAkan+IyARAxZvEormQxErmIJ2r6SV4tmAyCpyzTVnAENMCQQNpIHynfCqhubMuYMvPEwPDWOUoZw1C4r7KQQUEm0k9SpPTp2xRSAxWp57ZNR9DKThngem1RnNbRqpBrgaiEZw1p6alvffC62NjygLhW2G5jml+z5GjWzsO4Qwekg/eMFlyDpAe0KJnnfBmXQgPVdeWdo2mbmfQf5eT7c/xK4+0OykgcSQ4twqkiq9N1fVUNOJIH+k1QHed1I7Ww2PdDGGVmyKCJJ8Up1qQpw9NgxAOkcynYi5ggxIPqQQN8HGFY7x8r5FG0KoLUtftNgen98FkSKM2WdH8AcKytZKnn0qTspKiTJtMyJ3gfc98ZseVBlZMvFWL+5mbN2nKp8JqvKIc1m4dwophQxAAJAAkwAAYiMeeuVyASZQdvzDa/xOTZ16wqKjFr7QS29se5jVNJMOXJkDgTqOS4m/8A+CEqIy00aoDUjUG/iv8ACq3sTpuBMTtc8BRUAfOBqLuxO9V+JNZPi1A6ZZyCugcrQdQKj2mcMb3nKRtBeE8dYa8tVrMUBHkqdRVIOpoAsJE39xeRhmXqBvvvckALr8V/uMPEvjmjVz+VrUKlM0ctDBvKqAS5YVVKsNR1KtNZAtJPfE8OFlU2Nz5H385ANYP05lBmP2sKa+TajUC0KQHmhqVQvdiKgGwP8ONJ7/TFtJrecwDFj5xhx79q2RqR5a12hSP9JJ3B2ZgOmMzYGK1+/wDyOhKqV85KcQ/aDQrJTpLQcAVGJLJTUENRr0R8NQgkPVRthGk9bGq4qRlIH5nYyVyqw8/STzZhqlRSajMEZECnoAWKxEKepmNV7k44UFAqaDbZC19Y4z/GfJ8mEDF3CmZgCAJsDeSAPfEwLuUYkAECTfgzxRmBnV5oWqzs6IqgFilQzAAuD1np1w3beyI+LjcVR+s8xWZ29ZQ5jNZjW0U5GowfnbrjGvZRXMv3LSWdytW7pUAOnUpJmJMibgSf8vjaFBTaUXNb3OqcCrA+H6wdSVSs5K7FhqFW07zqscc17CEH+oW+UiuH8Xybfu6rlyBVJFOdPKUMAm/cAiJ6YdsbCzcK5kNCuYlWmRXWpHKCDuP0mcEOL0/OdpPxkbVMMnkabtP7vmSqrzCmhKzqgQ2ok8wj5N2wAzheROONGbibKqUbtSp11WIioNiAJ26dbmcTZ2GxI+kouNOYBVkQSCAbj+2LIbEg40mYZZ+df9w/9lw54PpJg+IeohdDO6czUUU/NLNypqK/DJ6ek29cJotBvUocmnIwq76SjzdKu1FaT8I8hVN6xNZIgFmBJACysE3E2Y7nE6xjfXZ+hv6b/gRhlcnSF28rP/D95C/vtSjmDUQhHVjBXSQLFbbg8p/w41AK6V0MxsSmS+s2PxOsSSXUkmZNOkSfc6bnA7lPL94e/wAnn+08zQYQREMbAX+n6YTHRNeUZ8bYwG850fwvliMiZJ+PzNOyzGmdIgMYgSZjYYy5MhuhN2LCNmPMXcRNWEKEqdUQtt/aBuB9cIHJ5mjQF4irh9ZiyrFJgagQ6l5gCQDpPe+KIviBNyLt4SBUY1/G9ZQuqllw6XBVmi3LzIGgH0J6nvgDERsCd53fKd2Am7PeIM7mERK1aiKDc4Wlyi0XZtxuLaowoVRsL+sfVfii/htEVA7imrAtpk3mAOoMHfAdipqBED7zzO5IDQQirzgfrh8Tk36GJlQDT6iA5/gZU+bJBPMCP6YouY0BW0k2AFi17wesa5BXzqjC0y7EGVjYmDbHLkHUTmxtRAPlFrcNqSLDp1xYdoSpA9le5tPB6hvy/f8AGF/VJD+keWFTJ00IAQD2gD6D2xhLE7mekFUUAIzyebqimyIVUH05j7E8uBGMCq1Cabg3ZGBv6FWBgeo+2OUU04m1MCyOQrvVLU8qhCEMxJCrCOSXHuCPtvjWjiZMmMniDZ/w5mdTOKQh3kQFMDX1k8xCxjjkGq+kXuWCkdTMlrVUOlywiwJQgRaN569sRZQ24EuhKbExpl1Y0nYOystUpAMAk6CvIVkmGEnbEiviHpKBtjDPFVBU0TAM6o7gD++KdhGot6SfbzpC+omPGMuDRpAG2nfqL4LNQWcq2WiJuH7+sfpGE7wyndibKOTk7fnEi1RjNhyY7fY4GqDaMM86tVKobqxVptHfoTuN4jFlXbeLd8RgeEugUa1YOurlgjrYgyJt2GClGVfHp6wuhl0Q/ANzuSTtHXDBISQNhGs6aVbSjOalNVt/LDam1SfhMQbE7dCcbcRUAmp5ucMWABmOTo/w/wDuB6bdLDv1xBq4l0BG815ooBNTT7GJ+mJkAcylyb4jx7LhYpUg7AhpFlBBBEn4bEA7GPTC6bnFhE+d46tdR51Na1UE6Sq2VbQJO/cnbHKhQ+A0IruuQf1BZhPDsxUdTrCqogKF6CP/AJ0GEyipTCb6RlUyUKT0n9f6Yzht6mtsdLcL4Rw/UGtMDftiGZ6NTFkaBPSMnbfFBxOuTGWqhyA1iTvM3x6D4yu4kkyBuYYnFa1KNUnsTcEejD84Wq3j94TtcdZLxMv/ADBHvt9R/UYYWYdYEep4hyyoX1E26RH1mMODUUm5O5/xysEUx+Pr+B88cd4uvoJN1+KVK5535ZvfSnz7n0ucAKegilwOTMHrJGkEEAzcFbmOhvaPf0wQm5uAtsKm1FLA6JPUwDA+f9cd4V5neJhtKDhqRSXuZb6m32jEMh1MTNOEaUAhQe2nodvxiWneXLbVGfDM35auJicZc+PURM7C4scAk7b4sF2nVIyvT8t9B+LXo+cx9z+uPWDWLMw1RoRsiuyrBGkjmRv1HY3H1wmInUUMOatIccxZxCkUnRYfMj74o2FSbkkzuBR3izM1dSyLTE+pE74kLDUZqFFbEAeteCpH64qE6yDZelTZQLfy8vtv9d8Bj5wID0h2Ty2q5J3xF2rYTSq3zHgrChlqqIWZmOq9yPgBv7KcRvvHFy3wYyBKCkuhKYHRQPsMLdmVA2EMNAEW2OOqC58vY79cKUuKTA2o+ow2mC4FSoq2dqalBiCJAMHSlxjfhnnZ+YRnf+KUdNO3yfAf++vp/MC/2D6/xFvGRY4u8kkj22+f5xlPM2p8Imn+f/xxQfDIH4oZlRviLy6Q/hvwf53xLLzLY+INxdjAv3w2Abxcx2nQDsvsMZxNhhWW+E++GEmZ5V+IfPDCIZ7hoJ//2Q==","","","Dine-in","·","Kerbside pickup","No-contact delivery"
"Traditional Food Company","·  · Indian","4.8","(51)","₹200–400","S-16, near Ashadeep Kingscourt","data:image/jpeg;base64,/9j/4AAQSkZJRgABAQAAAQABAAD/4QAqRXhpZgAASUkqAAgAAAABADEBAgAHAAAAGgAAAAAAAABQaWNhc2EAAP/bAIQACAYGEhIPEBISEBUVEhYYFhYWEhAYFhUXFhcXFRYWFRgVEhUYIhsWGCAYFxUdKx4sJScoKDQVGy4xLSYwIicpMgEJCQkNCw0YDg4YLx0dIiYnKCcmJiopJzAmLyooJy4mJy0tLS0mJiYnJycmJiYnLS0oJiYmJiYnLScmJy0nJicn/8AAEQgAWgBaAwERAAIRAQMRAf/EABsAAAEFAQEAAAAAAAAAAAAAAAABAgMEBQYH/8QAQRAAAQIEAgUIBwcBCQAAAAAAAQIRAAMSIQQxBQZBUWETIjJScZGh0RQjQlNUgbEWYmOSweHwchUkM2SCoqPS0//EABoBAQADAQEBAAAAAAAAAAAAAAABAgMEBgX/xAAyEQACAgADBQUHBAMAAAAAAAAAAQIRAxIhBDFR0fATQWGhwhQikbHB0uEyUmJxQsPi/9oADAMBAAIRAxEAPwDoqY+2fGCmAGpNyGNt/wCh2xFk0OpiSApgApgApgBaYAWmACmAFpiALTAAkOHhZIUQAtMAFMLAUQsBRCwLRCwFMLAtMRYFpgBWgAaAFpgApgApgApgApgApgBaYAWiACiAFphYFpiLAtMALTAkSmAApgQczp3WEISpKeypJSoHfdJdJHZHDtG1qKaizaGHe8mw2sklKEoUsqm+7QlSlZPllE4e1xUEnrLgt5Dw234GvhMaFlqFp/rSz/MEiOmGJm7mv76ZRxot0xoQDcYhyS3slRb3IGG+Izx4k5JcBwTE2nuKtNChELAUxFk0zz3+3cQ6Ryi8wMhlXKSdnFXfHmltuN+59Jno/ZMH9q6ZQw+tOJdLzVseT9lPtegg7N86Z3ncI3lteLTqT7/9nJfAw9mwrWi7vRzfxJ06eXMSFFaiaUsWAN5cpWzY68u2McTasW9ZPpy/BpDZcKv0rpIytLYhDLUpCSplsaUvzZeJWMuMtB/0xWOK5yWbw+cfyJ7PCMXlS7/lL8D04mWFzTRcFblheleLA8JI7hELEapp8PlDmx2ELarj6uSNuRpmYgslZAqAazNyiE2BsLFXfErbcVLST3fRlnsmE3+nqyth9cZxKQZqudyY6KPaGC4b56u87hG09sxqdS48P5+HgvgYx2TCvWPDj/Dmy0dZZ1BVyh6NT0p92VDZ2Rzy2mcp+8+/6nTHAhGNRXVEKtbJlShyhsVjop9k4zh+APy8YlYkqTvh6ObIyK3px9XJF0axTQoDlC1QGSfeJTu4mKx2zFjGlKtPpzLS2TCk7cerGYPWmaqgcqSSAck7sITs/GPfwjWe14yupPrPyRlHZcJtXHr3ebG/2os3qzvkI5ntM73nQsCFbji5+nlgpKUBRzsu/SQSO9NPzjVbPpbZzram3+kZgZ2IUQaQmigtNmNVT6O4Szu/o/8AyndfXs07V8fV93kO0d3XWnLzJJGkFplB5TEBKWJ3IloF2/CSdvT4RlLCzSq+tefkV7dw0rrTkV14uZOdAlUuFipShSHlzkXOduVP5W2xeGEou76tP6Gjxcy3da8x6580TVpVK6RVzkKCk844lQYgOb4lsvY42rPDUY793/P2lXiPV11rzLU3TSgu0mrnPZQuywq1vu+Iivs+mrJjtDb1RUmKmyjLJlhTUH1aweh6JY2DE+jcen92+ssJcePq+7yCm+HWnItK0mrkR6u5TSz36HJuebv+h7YyWA3Lf3/kh7S1pRAJs1QVN5IAOs01irnnF9ENcD0k7v8AD+9bXsdN/Dyy/b5k9rru697mW0aZUQVmVSQp6Sq5aYlfVb65/KMPZ3eVPqmTLaq/xItB6RWVgcgU0IZ1KsWGFTsH+X/38L9D2bMmr6977vIotorWutORGnWiYw/ua/zD/rGXsf8AI09q8CtoqaJkwEJQGQegCM1g3cnZ+u+Otwy113HFF6nQysG+yKSVHRHU5/HYl5plJSwciwe+0kl25wO7Zvisl3mMt4/Q+JK5pQb5sWa42cbX7t8S9xfDetGlPQEFqSM8vkTmTvhlzIvLTQbhUBRsO3K3a3b4Qjhu6KKSRoJwiAGptu/cvG+RFMzNdGh8IpRIVNbnBqa2AU6CGlWdKS+5xmxaMiT3EWSStDYWgACaVU9VdNT9F+Rqb7zPtp9mJcVwJUmMxehMGL8pMHVE1BSl7BRJ5InInIbQOJq4LfRDMaVICXIzvcRpVEHIStV8SUg+kZgFql7Y17JmfaI3tB6JomLKRYoKlJHssUgkDqufl2Rjv3mtcDs9XsGmZMKCbsT3ZxhtFxVm+BTdHFax6Ioxi6FZlTU5i7rDEF732ZD5xFNpeJjiaSaRc1L0KTik8pZ3Z2dSiHJIAAFnGV34XYsZRjZfBactTe1jwqUTSgHJsuNx4RbZ7cbZbHdOkZmCkitIUqxI73ztGs7SbRlCm6Zraz6LThqQFlyHPe23+WjDAxJTts1xoRhuMjDTyFDnkZOxa3Fo6JeBhGr1NjWvALkJw5lLVzlErTUeclnOfEgxxwxpydG20QUEspz+Cx6pq+cpVNQHrPZDXGblzHbhPPVr+zlcnRqTZaALFJNRdnyvm6jwjaaiqoiDk95lScUmlPNRkNg3RpZnRu6L1WxcqdWJE4GmyqQwNiyue7HL6xw5m1TR25UtzNrG6nTFrccohCr+rQoFB7CRb5xniTnlpKyVCO+zDxWqWK5RhhppCSaZhAJYliWJzZu/ti0ZOla1KOCb3lmTqnNKxVh8QJZVcoSkKA2EGvPL+WhnnW4soRveS4/VCehREmVNWhgyli+V3djnGkJtr3tGVnFJ+7qZZ1UxpUHw01huAv2Xis5PuIjHiWsTqlOIUE4fEkEM0wAl9rKqsP1iqlJ6SReUY9z+ZWwWqOLAL4SYHLkkA572OzL5RomkZpEuM1PxLinDzipJLuqtJBskoUQkhtqW2pYm8Y5sSXgWnEgw+qWMStKhhZiVbSRUAX2gGLxuM7i9KMnFlvG6MxEpCTOQoCpgpSWclzsLZA24Ru5aVZMY0c7KSKU+sGQ2cP6o1szo9yGsWG9+nx8o5DptDhrJhvfp8fKJFoPtJhffo8fKAsPtLhfiEePlAWA1mwvxCPHygLQHWXC/EI8fKAtC/aTC+/R4+UBaD7S4X4hHj5QFgdZML79Hj5QFoPtJhfiEePlAWjmtdNISsRIlokzUKUmaFEPSwomJd1MDciCIbOCTq6sADl5fen/0jbNEzplgyJvvPA+cVyk2Hoszr94/eGUWN9CX1x3QyixfQldYd0MosaqQoEB89yT4nIQyiyQYVY9vuH7wyixwkTOv9YZRYpkTOvDKLGHDzOt9f3iMosjVLmDaf52Qyk2NCldeGUWK6+vDKRZpRcoAgBBEkDhlEEhElhu+AHQDFOUCoRAEiSxFMQCLgHtgDLKjviQf/9k=","Veg-only","data:image/svg+xml;base64,PHN2ZyB3aWR0aD0iMTYiIGhlaWdodD0iMTYiIHZpZXdCb3g9IjAgMCAxNiAxNiIgZmlsbD0ibm9uZSIgeG1sbnM9Imh0dHA6Ly93d3cudzMub3JnLzIwMDAvc3ZnIj4KPHJlY3QgeD0iMiIgeT0iMiIgd2lkdGg9IjEyIiBoZWlnaHQ9IjEyIiByeD0iMyIgc3Ryb2tlPSIjMDI4MTAwIiBzdHJva2Utd2lkdGg9IjIiLz4KPGNpcmNsZSBjeD0iOCIgY3k9IjgiIHI9IjMuNSIgZmlsbD0iIzAyODEwMCIvPgo8L3N2Zz4K","","","",""
"Hawai Chhatri Roof Top Restaurant","·  · North Indian","4.6","(889)","₹200–400","140-141, Samrat Nagar, Opposite airport terminal, 1, Jagatpura Rd","data:image/jpeg;base64,/9j/4AAQSkZJRgABAQAAAQABAAD/4QAqRXhpZgAASUkqAAgAAAABADEBAgAHAAAAGgAAAAAAAABHb29nbGUAAP/bAIQACAYGEBEQDw8QEBIVEA4WGBEWEBUVDxYQFg8VGxYXFRAWFRUYIycYGCAXExYeLh0hJCUoKCgTGzAxMSY8LjMoJgEJCQkNCw0XDg4XJh8dHy0mKCYoJzInJyYmJyYoJyYtJyYnJyYmJicnKCYtJiYnJiYmJiYmJicmJicvJyYoJiYn/8AAEQgAWgBaAwERAAIRAQMRAf/EABsAAAICAwEAAAAAAAAAAAAAAAEEAAIDBQcG/8QAOBAAAgAFAgMFBgQFBQAAAAAAAQIAAxESIQQxBUFRBhNhcYEiMpGx0fAUI1KhBzNUweEWQlNyk//EABkBAQEBAQEBAAAAAAAAAAAAAAABAgMEBf/EAC4RAAICAQMCBAQGAwAAAAAAAAABAhEDEiExBEETUWHwcZGx0QUUIlKB8TJCof/aAAwDAQACEQMRAD8A6rbHqPOS2ICFYAFkCBsiglkCUEJAUWsiFDbFIyWQMksjRmg2QFFrIydgWxAS2AJbFBLYEDbABCRAWsigNkAGyBklkAS2NWTclsZOtBtiEBbABtgCWwAbYANsUgbYlglsUBsgSg2QBLIEK0iHQNIWCUiWUgECUGkCBAgA2wsFrYCiWwFBtgKJbCyUSkWwLCaIhssHEAG4RChugSg3CAosDAtBBgKDdAUG6Aol0QUI6vjEmXUM4qMkVGPPp6xHkjF02VYpNWkaE/xE0H9RJ/8AWXGfGib8CQxptaJhohuPQeG8dFOLdJo5+HNK3F/Jg1XFElBWmtYHaxS1RVzsor5H4QlKMeXRzlPTyZJXEQzBFarEE2jJoKVPlkfGOazY5S0xkm+T0S6fNGHiSi0rq/XkppuNypl4Sard3W4Aglab18oLLCUnFPdHONyg8i4Tq/XmvkZZfFpbBSsxCHFwIZcrWlRnauIRywklJNUzpkx5Mc3CcWmuwymq8QBuSaUA5mLOSirJCLnLSH8XTFa051GR1xGcctas1kjolQfxsbOdkbXUBOTQE0GSacgOZiks5Z2g49xma9skyJKlWowcFh7LstVYge0ZRGQ1KGgMfPXVbpTtfDdefx7PsfRfTRtrFJOq9Hu6XIlwXQT20WtGonCZqZkkzSwmBu7e2Z3bW2gy3BrXceytojDyKTTS22ZvHjax6p2rtV3Vc+7NfoOznCHlSpjcV4gGmIrFb3wzAEj+Qdiepj0eIvQ82j4j/DeMiRMlMrTGaWcDqlQChxgGttfGPk9Li8GetK2fV/EPxSXVJxS0xf19WMdoeIzOImUO41Bkn8xEWnduqg/mX7UzSoPOg3j25nlzPaLo+Dl6eE61t7DXC9Nq5GZcvuwyBPzJwpaxAGKmhqa1p9Dyw9NlxScoqr86PdLqVLBDp6WmPHnv5syaHswyoVHdqkwMhCmc6lSTcrE0FKjY43EdIdHJO7SfG3teRzWfThWFL9F3Xa/bNpJ4Uo/mTfaZO7qoRSU3KACotycDGY7/AJTam/Ty2fYw+pdtvdur9a4+W5aTJkAP3RnMXLt7zBbnIvoMAGqg+YrG/wAvCO/ff/tfZFWeUtvt5t/VtmDXrpGaXpzO1InhCoVJ+ousLXXt3bCmTSp8hiLGL7Fbh/sjdcO4RKkgp3s10JuAmNqJlGoBUM0wn/ZsTQVwOsywb5OmOcF/iq9/BCM3iqJqJ1857GcW5YoCRW0VJC70pjaOahK20zUpwpbF9Npl/MmzZ72OBdJmYk21rQAnoCDXHXEc6kma/SzyvYSV3Wo4g1weXNo6IADLEtXmUT2SRgELaOSjrjclS2QjK5U2bo9utEfaWZKCnIFi+6dht0hU/wBpLh+4nCeF6lNPqZTTNNJLu/4ddPLuSRLbaoogdg1Wp1Y5p7I+gkz5jkmjZyuHAGQxmTnbTyzLDM9ockBTNmKlA7UGK4Fa75hpGrnYySNGktUVFVRLUS1oKsEU1C3NUnOcnfMFFGXNi+p16KaVuf8ASMt/j1pGtkTdmg1QdZk3UtNky1kqz90Wlma1FDZDMKD2WGAd/COcpUzrCNo1Wh47xDVS2bT6MJLf3dSxciwE3TFUy999yBgRycr2R1jFpWaDshpW1etU336bTOsxplWum6hbSCzGhKhsgHGK846RVs5ylR3aWgjbVmVNnO+23CbH/GCXfbiZLJHdtL8aqaUoMim3oebjSN67Z4vR8dIJOkmMpoqvopzUtAVlZ5VttwwvtKwNNwI50dLrdG04LxaQ86Y1Fk6pwtxaWyChVbgJi5YkqaGYK1JoWjMtkbi03wKS+GyyARrnoR/x6Nsf9rM+fON/wY/k65UR6jxieq4rLTHvP+hct69PWJZRJmmzPeNi/pUm6ni3L0ptvADGn0SqKKKfXqfOIU852h4Xqpl9KlDULLRpVpBAAvExKk77MAKnzOXZpUc20f8ADjUzGd5yMjFibSJbpQ5wUmgmMUzpqR13sXwD8LJVTS/dqVpU8hUnA23MdI8HKW7PXq0UGHVyrlIgU5T2w7Md266qQxlzFNAyK5YO1FUi1gAvIggg3eh5yRtSEND2i0NXTiMtpM1Qo70S3aUxVVowVAbGJLErttTpHKas6wZr5jcJJJHFyASSF/CvgdM6eM3L3/ZdMPP38jpUyZOm3XGxOSqTUinNuta7dI9nJ49uw5p9Gq4A38t67/fhADstNvh9/fOAM6r05fL60+UClJqA+u30iNAxCWPv+8Qo5JNBFBlDwKXDcvv/ABACOu0wYEEVBFCCK1B5ERGVHOOJdiFF4AnzFY1FJ7FwCfdZZr0IGwIzQZ2qeTRtM85/oIf00/4yK/s8ZqRrUjrgl0oOp38dz8jHpPKMoufQ+e4ocwKjIFww55/fPpv8oAuH2PxG5+GdjEKE9OR29M/dekXkFlXPj+xB+/nEKQH4eGKGBSE9fPHr98oEZZfh4dB5+cQqIwqBTY/H4coMonMk12G5ydx888h90jJRU6Pxb94AZTdfMff7R0ORSYfbUciDjlun1PxMOw7jB3bzHyERB8lpZwviWr47xQAj2X8Bjw32gUpqnIZaE5J+RjJ0GGw1BtSvrnMERlJZ28Wz45MUw+QrmteW3h5QKZ5mx8j/AGjJsCj5fWIafB5LWTWEyYAxoGbFTtUxzb3OqWx//9k=","Veg-only","data:image/svg+xml;base64,PHN2ZyB3aWR0aD0iMTYiIGhlaWdodD0iMTYiIHZpZXdCb3g9IjAgMCAxNiAxNiIgZmlsbD0ibm9uZSIgeG1sbnM9Imh0dHA6Ly93d3cudzMub3JnLzIwMDAvc3ZnIj4KPHJlY3QgeD0iMiIgeT0iMiIgd2lkdGg9IjEyIiBoZWlnaHQ9IjEyIiByeD0iMyIgc3Ryb2tlPSIjMDI4MTAwIiBzdHJva2Utd2lkdGg9IjIiLz4KPGNpcmNsZSBjeD0iOCIgY3k9IjgiIHI9IjMuNSIgZmlsbD0iIzAyODEwMCIvPgo8L3N2Zz4K","","","",""
"Dawatnama- Family Restaurant","· North Indian","4.7","(1.4K)","","B-17, Sky Corner Building, Park Avenue Road, Mahalaxmi Nagar Rd, near WTP","data:image/jpeg;base64,/9j/4AAQSkZJRgABAQAAAQABAAD/4QAqRXhpZgAASUkqAAgAAAABADEBAgAHAAAAGgAAAAAAAABHb29nbGUAAP/bAIQACAYGBxIRFBMTEBITERYTGRcWFxYYIBoZGhoYGhoaFRcTFxckIhsZISAdGBUgKx0gJSYoKysXGy0xLCYyIicoJgEJCQkNDA0ZDg4ZLSIdIiotJy0tLSctLicnJycmJyonJycnKCgnLSctJy0tJiYnJiYnJyctJyYmLSYnJiYmJiYt/8AAEQgAWgBaAwERAAIRAQMRAf/EABsAAAIDAQEBAAAAAAAAAAAAAAUGAwQHAgAB/8QAOxAAAgECBQEGAwYEBQUAAAAAAQIRAyEABAUSMUEGEyJRYXEygZEHFCNSscFCYqHRFbLS4fAkM3KSwv/EABoBAAMBAQEBAAAAAAAAAAAAAAIDBAEABQb/xAAuEQACAgIBAgMHBAMBAAAAAAAAAQIRAxIhMVEEIkETFDJhgaHwcbHR4ZHB8SP/2gAMAwEAAhEDEQA/AN9U444H69qqZbLVa5E92haPM/wr8zA+eBk2k2goq2kR6XqdHM5anXUWqUt0dRI8Sk+YMj5Y1O1Z0lTaF/Q6jHSq5m4St/lOCyLqZDqjJ8nktJqUXq1a5FYXUc7iZmT0jnHzWTJljLWK7f3z+WevZJ9nekZDOZ96dcM6fd6j/EVO5XpAHcpB4Zvrj1sGNPiQjNkcY3Hv/I/doPsxju20/alZagZmq1XsADGww0GYPyGGz8OmvKKxeK5/9On6L+gMn2d9rQtVW+6sKpUs5di4htxKyogm8+eE+7T+Q/3vH8/z6k3aD7LKNOlWrU8z4Kal9rLNkUlgWB5Mcx14wUvD6pu/sBDxezUXH7mfZfRs+Ch7sgO4VCbAsxgAHjkj2nEuyk9S34VY9ar2W7Uvlz3lFqtZXVUiopCoFIIVZC9EvM8euGe7ZL7/AF9PyideJxejr6ev5Yg1dN1BWKtl6gdSQwtYixFj5432T7G+1Xc2jJdvk74JUNNUJibzPQk8AekdcetqjxtmGm7V5TeVU0mUC53wZ9iu2OL7uuB1N2Pidq9IcMO8CMJBBI+qlZVh6gnHanWLOn61lKen5hGZdx70KBAMNTsY8rc42aNUuTARmWjnpjztD0dh5+yXPUEz7VHNlytQj/yL0QB0mxaxt16DD8EVsIzyen1NZzfbm/4SK6xElovPpPnivQj2BuQ7dZ3ZsYLUdZljIJiTwPle2N0R2xUzWfoUdIzSB6jNUo1nG9tzA1gWMtA6sT88JnjUYNfqOx5HLLFvuvsZnomvahWzGTol2KLmqTKvMRUVmIA9AT8sQY8SU0z0p5ajJ/L/AEbDqOu18pVqE95XFV98AD8MBQgVPTwbvcnzx6ahTZ5DlaM/zeYepUd+N7lo8txmP64inPzMuhHyo5zXZnUzUJBSYB55EXgxY+nOPQ1PN2PU+z+sHjZxPJ6ecix94x2jM3RINH1BVLOoAhTM8jev9j9MZrQakmcHT8xUR2Q+EAhtxM8TbkfLnHThaO2SZky1bD2xDRe3yMvYuhVqVmClZ7onxG0bkF49SMMwq5/QVnfk+o15vTNQAAgA3sXUeXEtiyiO0S5PTNUViwS2xz4WUyCDBgEyJIxlM1NFDXq2o/d6m/eFFOPQAwIj6YXk+FjcfxIT+zT1zm6Oyd+4kRzZGNsT415kVZX5GO+vV9Xp06jsapAXkEsQDAU3ng/IXxVK0iNJbJMTE7b5sAA00JAuZ59cQvGm7LVOuDR9N11mZlprVpwA3iKkeVo9h9cVRnbpAez6bcl6rn80AGOZorBuWVgRPQEJGCWRgzxQ7FR81WdX/GV0KSxVSJINrlF9vPHSk6Bhjg3VHVDuglRFUbzSFQt3jLzuXaFSNw8MnceSObg4skpcfIKeFR5+Zi2Sy2YqbNlNnBO0RYEhdxXcfCDtBMeWJ2g+rHvsVWFOsWahVp/gnaUW5BZSN4YqOnWTa4PTsEtZN3Zs8e6SaoZquv1/EAIngSBsJgEqYm0zA+Y5wUvEyU6QS8Hj15Jl1Ve/VTmFCMgdxB2SYBG9VkNcmQZtfnBvOr+IBeHpOog7Ws1kKlHN03emC9SQUJZ2C7e7ZFnwgkCQQWgtJ6hLz3abXIa8NVNJ/wACVoGXq0c2u1hZH3Ejwg7SCCeDjceSKdtnTxy6VY467qeYajUJqBQaZCwt7oFuQJN562n6s94g+jMlirquhmP+A5j8yYVsgdWP9TWcjSqioCWplDO2xg3BAaOLYJT1mpIak3GnwR6v2grPRZqVJ1pSFZniAeQDEieCOcDkm5StcAtaqnyVNP7S5mqkKi0/DEKzeLmd3MRttEdcDnm+FYzw8I8ui1l8/X2OA20sB4hIZZuQu6JnyYHk8YTHLLGqRRLFHLyyvlAFUIrqAJ+FQORtmxEWjjASzTCXh4EOWzGboKadLdEzcBrCdwlpIn09YwyEm+RWSCXHJfo6nmmIRKSIi3CkLImI3Vag3dfMD0wUX5r4Rko+Xq3+diJ6lQbpHiIO3rtmwJ2836ThD1uqHpSq0wQRnhO+otkXe1kLeJosbDleI6zhqcaegqpWt+v/AH+izp61SCaalgELMVuAlpYkGIuL4CcXT4DhJWuTScx2Q0T7mKtRZJpK8k9WUGb268Y9CGOKiuDysmWbm+fUTzkcn0ydOOnOMpBXItU9D0xqDUe8rKHYHe2wkgEFSrAGBbgD9cLVIc7fIC1lK2Tq0qFFkrUiimpUZZPiqNuAMKRAi4FwRbAShFvlhxlNLhDEcjoFBUrE00eqVqbQGWf4viZufFeBYmPXHNJ1Z0W1dAvVdzqKlOqtMH+I+Mt0tuuePM9R7JljguX+4+M59EyDM5ii6bdjMNsMTAkgdAJ555wmNKe3oPlFyg0+pSy2n0WrsX7zaVAAUsSGEbLKrEAkQbR5kCTh+NqSr9SfJHV3fYsZfK6lTqbaY31OW2EzE2EzePKbYyMpPoHKMEuT2WVu9RqlGIqpIKn+Jgt56GQD7dcdG9/8GTUdOPn+xz2kqtURgUKBXL7ivAO2w68Jx64bLInKhEcTUbv0Bmh0Hdaq0Xg7CCBuUHcYhrXBPTHO/U2Ljao3DWu7TKBLQtNV+QAH7YrbpcEEVcuTKH1GuCYIifzL/pxPsinUHhcjvITOVFpBZ3lTIb8u2V9Lg38sK4bpFXMY20Vs1UzC0zXXMVK6bxSBKHcZUvJVyYFiOt4wWnUX7VdjrOdos5VRKVWqlRFMhWQDbaPD4ReMZUkuGFcNuUS081p3dkbm37YUcBfQRPr5cnCtfWXIzb0jwfEogL4G6vP4sSpLGmInmNoNvPGOcbpoLSVWupaylJ2Z4YApTZjflVEm4HUdMA1txEYmocyXqS5JHLvVRmELtX8MNIk2bnZaDKz/AEw/BPRNIn8RB5GmyjncxqAEBVqEsshVZYVSGEXsZAvjFJOV2E4uMUkixkMjUqISRVp34NZyTHWHNsLyZKddfoFjxWvVfVhjSsnVpt8FRxuW+4HrxzONg9ubMyLXihx7R51u6P8A3BP5RP6Yvb4PMUXsKVKmSAdsyBcm/wA8QN8nopcCn91WRuAIPI9oI59f0wcouNUdCcZJ2VNfqZr4KTIUgElTBJi4UNBtJG43MH5thjS5k/4EZM0nxBUvueyFXTdrU6tOaj0A1F9+0BwCGUg2eTtIHNj5jHVcZPsdtU4p+qRJQzGko5PdtMjxNBg9StgOZiZPrgVeoUktmFhrOnc7oPnHPvGAaGJpHeWzqbnYQQVj09Z98Jk6ZQlsi/oWpJTeoAGJYeJhwvkpvzc8fthmLJKKbE5sUZtIHPkKJqbjVqrLdGnn0xjySlxSDWKMFdsaFbTgFEifUHCZwaVjIzTdAz/DqYcxWTcWnyPPvOH4snHQRmx2+ow5/MrsCk8ADBSm2hccdCjVqZXcf+ori5sOB6C2ATfZDKXcCvmKjGPIGOAJMf8AL4OT6Awjwz7Q0nM1GhVZ33AAA9TNpMATFpI645NyesTXGMVtN0GMt2VV6FerVDJUyzMopG4BCK+6VPN/Mg9QcPjjcYSsRkyRlOFL8sB6mtbL90zbHStS3qfhKmNxDCPEIIuI6+kj7unCzn4prJr6Igoa1kmH7C3X+aAOnXCnhknwx8fEQa5QW077vviCA024Mm8kgmLHmcJceeXY+MvLwqCWjUSr1kUWDqb35UHnGyqXLBitVSLNLVQKpXu1YC0z169DxxjtKO3t0EqebylRrUlBWJNuT6wPLC53XUOKVnFbK5PcXK8XJk/pjITklRs4Juz2Z1rTiY7xR7yP1wesqFuUUwLVbSyxPfU7kn4h1x3m7GeXucaXpGSZclUJYCufxFECIE+Fh0P1vit4Y2k31JYeIlUmklSGzN57I0a1NKaolJSvHQgm58yZNzfFXli1FEdyknKTFnP9p1FXUkBmnVVWX0JplHP+W3pjHzskMutH+dQTW1/L1adGnA/CphQSR0ULA63xPKXlSZRGNzb7g1cupIJVSd3hkDnzJ6RhDn2KFjXqizTy2nztLCGksSY8VomfbCtpsYlBIN6NlqdMOKbWbqDPE3E++McnfISiq4J6WlIvDn5j+0Y15bOjiroXsn3dNYNySSTH059IwubsKKosvXyYHjgKbf8AIwCv0CdeoHzOT0Fz8Sgn+eD9CcPUsiEShBlQ9n9N/O3/ALD+2N9rLsD7KHcGjPZtO7mpOwkqCvH0ifbFLldCFGkyhrHaDOMLiW/lBgR1PMHDE7fUVJKK6ArRcnmaztchCIY//I9f0/XZzWNAQxyySGOnouWAiIA4j/fELzSbPRjhilVEOY0IMIVih84n+lsbHNT5VnSw7Lh0VH7OajwKysPJht/ScGvEY+1CZeGy1W1k2R0XOIPhB9VI/eDjZZoNmwwTigjRGf3on4iywkyYjr6cThbcabGrbhDQRTPTEtlFA3X2UU1A6tP0H++GYeWBk6Cdm6k4tiiObAzVEk26+WHJE9jXrJ8fyP6YlXQrKuVAj5DHM1dC2HYGxIwLCQRy7E8mcJkORdAGFMNEdXg45GndDHGompfFjn0MLWBOBfaD4V9m/bDcIvIJmYxdEhmB35Pvh5Of/9k=","","","Dine-in","·","Kerbside pickup","No-contact delivery"
"The Madras Kitchen","·  · South Indian","4.4","(133)","₹1–400","22/17, Haldighati Marg","data:image/jpeg;base64,/9j/4AAQSkZJRgABAQAAAQABAAD/4QBoRXhpZgAASUkqAAgAAAACADEBAgAHAAAAJgAAAGmHBAABAAAALgAAAAAAAABQaWNhc2EAAAIAAJAHAAQAAAAwMjIwA5ACABQAAABMAAAAAAAAADIwMjQ6MDc6MTYgMTk6MDQ6MzAA/9sAhAAIBgYQEhETExMTFRUTFhIfFRgWExYdFx4ZGBgaIRgXGxkZFxolGxkYIB0bIB0tHSElJSkoKBcdLTEtJjAiJygmAQkJCQ0MDRgODhknIB0iLScmJycoLSctJiYnLSYnJi4mJyYmJyYnJicnJicmLSYnLScnJi0tJiYtJycmJiYmJij/wAARCABaAFoDAREAAhEBAxEB/8QAHAAAAgMBAQEBAAAAAAAAAAAABAUDBgcCAQAI/8QAOxAAAgECBAQEBQEFBwUAAAAAAQIRAyEABBIxBSJBUQYTYXEygZGhsUIHFFKS8CNDYnKywdEWFyTi8f/EABkBAAMBAQEAAAAAAAAAAAAAAAABAgMEBf/EACsRAAICAQQBAgUEAwAAAAAAAAABAhEhAwQSMUETcSJRkdHwocHh8QWBsf/aAAwDAQACEQMRAD8AsHhv9o9bMZhKTqoV9QBAIKso1Rc3BHUd8cHPVistfQ0g05JMecW8K0MxXp16kl0V09CtRGpsCOohj/UzHOV2zolpRbVFA8V/slydHKV69MvNGjUcAtIYgSs2sEvtvAmb4109W5JGUtBJWih8B4NSpZnh9QN5lOtTBqLF6bnVTI2uA4n5EdJxtKcU6fZhXxI2Xw3wQZN3fLwgdixWDA1BBpADAaRoBFraj8sXrcTqjoplsHFsxvybbaDH+qfvjJ7lmq20WUn9pHEXGXHKTUqHdCVHKRZlkh1IMQwItNiBjP1HK37Ge5gowSyZm1NCEenRX+0pNRYHU01VFIueUgDlZyh6xBBi3QpxULXscaNR4HxF6GTQpmartUayVStU0lRtLASQ5HsICxablac7jaffj5Vj3NOg/jeeVmrlalJ6gkhA0soIhdSgSswfmDhakJOVnZHUjGFLsxSvk6harrQamJ0tBWCxg3JuDK3aTf1w9GSukcEE7K3VoFWKmJBINxuLHrjrTtWVRr+Uo5Rc1RqoKlMoztCizErcnVMCAbCOnbBLQdUifU+JOvz2r7F8HiaiCAdW25XqPQe+ONRTdJnbqSelHlNOvr/wp/jXxRUWhmFckUq1CpSRCl9TIVEk9jeegkXtilGMZLNv+vucMdzOcmnGlWP18ULvBuYnh2UcKT5D1Ec+Tq1DXUZYeIGkNPffHQ4W7HqanCPKrr2/dosg8T0+ULMmCZRjb9W3pee04wlt5U2xx/yGm5RjDNq8NY/W/wDfWBjQ8TUSf1x0bSYY3mLdI/qMc7206s64b2DlS68P5vN/Tz/DFfGeMUK4AR1lHIKPfWCy3EWGx39bYrS05KLxl9fIWtqLUwhaOD5emaTrVQkVJIW4jTsJMgcu/cx1s1DJPo0rTAadIsol9J1tPNBi9t9jI977YmOnJSwvzIo6Xw22l79ndPLIrB6j0pWidbF51FiVIWW+IJG3YntjaMJqy1KChFN+574izeQbIFKT02q8l4Gs84LEmJ2xpDTlHLRm5RbwY7msyXd221MWgWAkzAHbGyRnZrNTOLTZSQTJ6diCD+cdRzjeh4gywIPl1dQEdDvY7tjme3V2dS3MqSZHxfiuUzFJ0dXgqQJXYkehPXr6YyW2pp/IHqxksoTeAvElGlkVo1aroVqPIVNQMvqvyncHT3gkY04t5RPNLDLDleLcLkxVFMEXJpOL/wAkevywPTk+2TFaUL4QSsNy+d4YCCuZRzP95qhetlO/a/fFR0YrLFKTfWDzNcSSoI/fqVOCIVa0wReQeU9APl0nGt46M+LvsOy7U5UnPK4BkjWGFukMzSCJG3XA2mqBJp3ZJmqKMzMlRAIsAZt6Rt7emPO3G0WpK0ept99LTWciDxVlymUdtYYNAi88zC/bafrh7fbcJW+xbnd+pHjHCMv4urClYwNQn6GPzjtmcERdS4OxUGdwDhKLCwXiWd8xtbnUTeWM/nGiILb4fzqvQpyyggQAzATpJFp3sPvh2uhDCtUjUZ7G3ToYI69cYSjxbaXdAJOCZSoyOopueeRykzYDtvbFRfg0l2Sca8PZtqBZKLkKwLSAtjIEByC1/wCGYiTGNEyKKzSyWZX+6b5QfwcOwLJwegRRQncgt/MSf98IA3ysAyX90paCz1FRiToVv1lRLR2iRc2wrAGpZcaj7YYC3xDU0hRHWZN/lGM59lx6CF1AC+Nl0ZtivLoiny1U+YGMSLlTdb+kxPocZ3kdYBuO1DOhrNq1AEGdJABvseYHCSphQj1kbEj2OKEfGsx3JPzw02FGg+BclXq5ceW1EClnDVAqVvLOvylE6COZdMj4hud8RKryVG0sD/OZvOIZqNQg/pLUCv1DGB7thVAdy8nmer5YUQCaPnAAAZRH0BQYPmOx8omARFMTMTbFJsVCinVG3XBFushKrwVrP5nzM1JkpSEW9OY/U2+WG2krJZYOH5oOX6EGL4UJ8shYl8QlvOVYtp+RxM+y49Bwz1MW1fY/8Yr1oLyZWaF4l4NSoVaNSlRR6xQ0VV2CkGzJDMYUBdax1LoPd4TKTKdxB83UFSi3Dq0lYMKLRsQ1wSDeb3w7VBTKfS8O13ptVFIhRUFPSss2tlDARH+IW3E7WJENmkIpum6GP/QVeVGtQWMCQwvBaDI9ItOGpEUE8F8PuUq06upVWsJZGgSKhpNJAMXQ7+nfA2BNT8F0BWqKjVHAUEQQ3MyuxBI0gAaVNz3wW0M5yHE6ZRVBGvTckRzG7QJ2nDFZ1UcUwzkqYUnfsJ64Si0NyTIsvkXSgoZSJXU5YRc3JJO0T1wWFAnDHgcnVuv0woKkJqjzilRiek6Y+pxN3IvpCrUv8S/bBRNH6H4vXmrlBClWrsGkTIOXqHTpO8/gY0sVAtTLgZhNDPSBo1LBtV9VMgAOCoEA8oHyxIGa5rPfujZqi1RjOeerYRchWUkAbgQZFpI2tNKvIMruf4nTqXL6v8xn84ukTkI8IcWqpmaaI5dXqjVT1SNIctqv8Omdc2m/fEuqKRo7cRAzFU8sLVCmTERly5E7RDdPviLHRQOD+FcpVoCo+aFF4UyShUSgJlSQReREgcsWw0xNBGY8DEKsZkvqq06UrR0oPNqKk6maXEN+gHa5GHyYUjU8xwCkaPlNzIFC3KnYRu0wY7fbfEtDsAyvgfL0UIpAr2/Wehli3YzYfe2FTCyvn9mrc5q1AwJlShIgexHaD88JRoblYq/7TIbis8G4nTt9MUI07imWqGrl2AlUrlm6Qpo1F2mSdTL/ADemGI5zlYR3jYSSd95cggwTf064QzOjkaWYzGbeooIFcKAvKT/ZoILyCyjTIT+IyRMDCGQZPwrQYMxUCKrr8KtYOd/MRpiAPxhgCcN4YqCm6vVH/kOmlWCqQHqKDpVPiEQI2noMAEVSizvmEaozU0qeY7OBJK0UCDUulZIBk9gN9ROEA84NXqUaSA3i3LJ0iYA27RuIHtcgDLiGfdhSVgY8+k0joUqBoIn/AA79u2Ksmi00+JkkXED7je1u/wDvhiC/3wGLepm0fI7e3r64QzrM1dQMMQRBOiJ2mCO1usbYAAhUyRuWy5PUkU98RyiOmMTNpEmNiLX7XOr+bFAcGCveOp/zcszeJ6m+ACr8LyaOK1RQS1TM1Za8SrtTXSoEfCg6fpwUFnx4KKYYA8upmYkDYkkwRYCTF9sAWJMpw+oaQ0xC5urN4sKzg6QZBPp+cAEq8ADLWR+TUzmxvpKgTadQi156AiMFBYxHCTrJEAX1SCfbraMOhWCkEtTplSrLUBKkgcsHmE2K+lyPkcZxmm+Lw/zIxzTyxvBsB6bDe82NvvjWhBQ5QR262P5Pf23wgIg24AFzcgbnvb4j7bz1wWBwz0ZvTpk9zpv9sIeSwgRJY9Pae9ydu5PpvGBgQHL6hEhafUNI397i9v8Aa+AAPKcJNJWQGdTvUA7Go7OwjaxYjpYYaEfZ1W7WsZ1REdwRMX+IwdsACfg1Bwjq66QcxWMNqBIas7C2wBBHeB7xgAYtTttEe46/a0i+ChWFLlB1XcyBvPbf/wCfjDoLO6uSQtLKCRedob0O/Wd/lgcUFkoS15megMyDA2mP6mBhgRVKUqRBBBO3tbY9P4pwqAFfKahIkEi/fbaSCSBv3ucFDBxkW6KsdInb64KCxo1QEdNJGmBEmR1uJHWImx7QIKCHqnST2JvFrX/SB0IExtgA8Zz1AMiG7/CPhB3i5iTsepBw0xUfCmCSZLEWNhbfbTttH1ncYBA3MPhueoc9DJN5ud7evYgkQM6Lcotc3JkmZEWibwLj/g4qxUePOkn9RYTBIAE+siI+tvbDsVHXmBb2Hp67+5noPxgGeUXvBkHVEMdU7BSSTI7dr9twQSrzI3MwBufXrM2mPQemBARvr1DfbvpgDrcdxFrX+WACFqhn4Z9dX/rgHaCcyo1RFiSCO4AMT3xmWA02Opr/AMf2do/A+mEgGmVpjlsPgHT0OKQmdVLaPUX9ebAIGQ3H+Y/61H4tgY/JNmEArwAAPLNgLfEnT5n64pEsHdQKRPUIsHtJvGAA3NKAzW6R8ubFCEeUYmAbjXEHaJW0drn6nELsb6HAoLddI064iBEado7YoQnyTkkySbkX7TUEe0WwB5HC0Vgco27Ysmz/2Q==","Veg-only","data:image/svg+xml;base64,PHN2ZyB3aWR0aD0iMTYiIGhlaWdodD0iMTYiIHZpZXdCb3g9IjAgMCAxNiAxNiIgZmlsbD0ibm9uZSIgeG1sbnM9Imh0dHA6Ly93d3cudzMub3JnLzIwMDAvc3ZnIj4KPHJlY3QgeD0iMiIgeT0iMiIgd2lkdGg9IjEyIiBoZWlnaHQ9IjEyIiByeD0iMyIgc3Ryb2tlPSIjMDI4MTAwIiBzdHJva2Utd2lkdGg9IjIiLz4KPGNpcmNsZSBjeD0iOCIgY3k9IjgiIHI9IjMuNSIgZmlsbD0iIzAyODEwMCIvPgo8L3N2Zz4K","","","",""
"House of Han","· Chinese","4.6","(140)","⋅ Opens 7 pm","InterContinental, Tonk Rd","data:image/jpeg;base64,/9j/4AAQSkZJRgABAQAAAQABAAD/2wCEAAgGBhISERMSEhMVFREWFxkWGBcXGBYZFhoaFhsbFRYbFx0bGCIbFRogGBkYHisdIDAnKSgoFx4tMjgoPCUnNCYBCQkJDQwNGA4OGC0iHSAtJi0tJy4nJictLSctJyYnJyYtJy0uLS0nLSYmJiYnJyYnJicmLScnJyYmLSYnJicnJv/AABEIAFoAWgMBEQACEQEDEQH/xAAcAAACAwEBAQEAAAAAAAAAAAAFBgMEBwIBCAD/xABEEAACAQEFBgIGBQYPAAAAAAABAhEDAAQSITEFBhMiQVFhgRQjMnGRoQdCUmKxQ3KywfDxFRczNFNjc4Kio7PC0dLT/8QAGgEAAwEBAQEAAAAAAAAAAAAAAQMEAgAFBv/EADIRAAICAQMBBgQFBAMAAAAAAAABAhEDEiExBBNBUWFxoSIykfCBscHR4RRDUpIjM0L/2gAMAwEAAhEDEQA/AL+0dkScdPJpkgZT4qfqt8joe48VS7merpPLnecXK2TjLtMeHQ9x5257HImqU7FMLRLdtlVWEquIT4fHM6W0ZPKlFlMMINsORpHDGws5kKkxnE+GljYD2bdZxWa6kyJJk9Yy8BA0sUwUPG5+yQUVmzWmSFHQtJYk98MiPGewtX02JN9o/wACbPka+BDma0WvJCA3o/atxwhNSt8+z2AZf9kB+Zcn7940mO3Q6j4zynWx2mylddpQ3DrDnHkGHl192vhmAxLvXBm+4YdlFWUgglZ0k9IP452kz5ZQlSYyME0RbTqyTMk6gafEgG28U9STkwSjXAEvNQAwudqEhbZxxTY0Cye7VxMYcRPQW1aStg3fB1XZwACphnwycP1jkOXTLKyu0hK9LNqLVWNWxNpGgmB1JSSQViROsjtOfx1s3pOsWOOia28RWfp3N6ok1Tfm45zXiJBBSr01+pFvUWSLIniku4qfxg7P/p/8qv8A+dj2kTuzkYDu9vzebpCq3Eoj8lUJgD7h1T3DLwtPk6eM/JlEczibDupvfdL9yq/Crn8lUgMT9w6VB7s+4FoJ9JJFEc6fB5t7ZAMhhBHXqLKhJxdDJJSQY3NpxQ9ZzNjYT3GQHy/Y2R1LjrOjqouV7jiqPhHRfxa0k1xQ6MqW4m7cqLTrlGMGAfjb0+l/69xGVrUUv4QSDn8ps/YUXd3qwq3jAszhJ0PQgdvGyeo3gbhyM1+uWHhSPy1P5En9VoMW0n6MdJ7JBGooPTrbVnGIX7aateqtFVZ6gqOAgBAJxGCxOuoyFvbjehMkTTk4hP8Age8eHkFj8LdYzTEC3i5bOvE4JoP93kHw9j4Wr1Igo4uu6lTifVqIYzVQgHQcqjCNBmOsmwbClRYXfu83SoaVX19EZYajesA+4x5mHgcQGXs5WRl6aE91sx0M0o7M13cfatKvdBVQNhZmiciCDBBgxqLeJ1UdGTSyuD1K0GlqGXOcyv67SSb2GJKxM3mqD0k4mAOBdSB3t6HTqTxp0Lk0mDeKn2l+Is7RLwBqRf3bqgXiVInA2nvWyuoUo47DCmxtvRnhTJ9Yv6L2ixcv0Ny5RLUYE5AD99jKQUqPnyreBT2jeq3tKKlRMu8gHqOki3vf24xfgT4cblOUkGX3yBJPDbM/1f8A1tko7F+IpbNrCsSqKSegyz65GewNqtJ5Vj99HtWgtYLW1pguyFTBzgTlBEnSwUHe4dSrYW/pLpI16Xg+wQxA7ZiR7raqgp2OX0Qbfp07tXpXhqSJRZSpclIFYtq2MKZfIdflbz+r6ec5KWOCfjd/uh2Oajs5Nffox7fea6gt61SpCsGU407aqT1/G0a6HJNXOovw3f6v8xqypPbf6fwCtoUUrMaoJIIwggnpn5HUWKlLAljsqhGM1qoHU6as2ADmBM5nrHTpHbxsz+ol3sLxR8C/smnTpVTUcwgQrnMCIzyBNlzn2q0WgSx6VcUWrzvZdDUpolZXcNiZVVyQoDAnNR1ZfnbWPopxt2vzJpZPFMqbS36u1SjXFzYGuoZVPA9lxlq6QYPvtQunqSUtP+otS1JtX9TE6M4qxbNjULE9yyqxPmTarMqaXkP6L5H6/oj9NllgybVvq+nteC6leUFwAFHq+GcxPiT1ztdJq00fPpbNHW6W17sl7r1KzTT4ZAKqXE4lzMAwPGx1JO2dGLeyIt9CK94p1rkgelw4xSq4mkgwGYTHQiZzHSy8kot7FGPHkq691+5Ju4K9Nb3CEtVFEIVHK3Ccl5JMLynr1A8bYhPY1kwu7Cv0eM1zas94TDSblDAYpYRKuVnDGFhJgTlPS3S+JbGJwlGk191Yfue9tOnXAZ04WEPWLCjiQuojJSSELMkRPteNjTW4uu4I7R33XDS9GTExzIakCArDEpBHKfIx1E5WPxd4GkmFL9vJd3FSnSwtWwmA1IgTBJxYkAA01jWwadHIo7DqVXu1XCPXAYvYCqQSWIVpCzgyAaIMaiyq33H5ZJu4xpeAj7rU3oG/NVGCsjVnIMSDOMTrHQ59xZeWTWWNeQzEl2TvzEq/7TNWvXqNqzyYGWSqo+Qs/NuyjoV/xv1/YqmrZJXRRo3j1NRc5JkZHtGtrKPBbI9m0azMvCpuzKcZwKXIAymADETr0MWLVo6DSkrGujtrhqwvK1XqDhSG4ikZyZBAgwZgkA9LTyx77bFsMr0pLe/5/c5um8WCgQKl5JxEQ2PAq4ywCxeAVlRmMsyRJ1t1S1B2kr++GVb3tylWYmsLy4OSkViBkcmdKvHM6ZB4yyi2ql4r7+n5GU4un+hUFGgWY+lMoJ0NCo0Z6Eq0HCPwsadce4luOpu/YY7mtxNMK1+bF3FzrED3Z+WdlvX3R90auH+XsBKt0Ti+qvwlpEpRvSOVAmCMI6DSYysyF8te6Fzaaq/ZjBdtu1rmr8Gv6SqhJpKamJOXMkOrYlw6w2UDJQQLZljU/IClp35Itj76U6/pvHqLSauhguTE8MUQBEyRE9LYngalF80MhmTUk+8UsfM8MGGI5jQxoRZmRblvRJdnfmcY7LKz1rqynhtk5jLtlPuPlao+fs1HcnYS0aCVUR2qV1NNmxNzZnlUKRER07Wiy58sZtQ49B0McHFNku1N3UvXpHDo02vGGXbEC6lRgBILysRH77LjPO5py4/AqlgliipOLSfHO4n0fo+v3DrMtFW4bkYCxFQgTzKvsEEZwWnsDlay1fJO5uqr73X6g7YtyDs93rIy1WwnOVqJhJZgQwmGUddIBi3ZXpi5AhJ7JDId07mVqnHVRyFwSA4QqQXYQ1MNiQMIaAMUzlabH1dvTJHTxvlMZNlbI2OtOmKi1y+EBnLQHcLzMFFZgJMnDnGlqrT5XuJ+IWtr7s3ema9S71qgJg0F5lKCRxBUYgh8SloXrp1tpNAuToWbvfFZVaqQUDQQ4TiYSuJCoA5VERI+qWi2JRu6GxdNN8Huw3pTe5ZQGptgJzIxTp4/8Cxlfw2ZXMq8w427t2qIMBai5E4uapTaerKTiQnupI+7aJ55KT1br6FeKbhGogNt37wCR6O7RliWpTCnxWVkA6ic7PU8b/8ARv8Aqp+H39Ru3W3Zp1Hvj34AMgQ0wKuLXGIcUS9RMlHTvllZzyKXykeKKUvj4/C6HHZDXG7NwqToOKoKqpqNUR2B5zxarNoOiAmBlkLLvvY+fZuNQTvxbX5Vt9WDb9uxWqKtb06tWOIerp1hTKkYmxtxHKjOBESJBk9Ou0HBDHKT7SWlel/gEL1vJcqFKgtSpSqMqRUos1Ou6/aAZS2MFgeUTHhbLV9wVmlhm1im0vLa/B0CL3vXd7xUw0lrOQMmg00AiArK0FgBECDEZWmyRpXJmNVvYo3wcKm9TEQQIzy1y79QY87JxbzVGtu8DttBwtOo7EglnAmc6YKMfLPXLra34jtMUQbZvdRqbYiAFKsSUQxOEg+z9gCPdlnZsHO9xU4Qq0hLqM4VsTIVadApYgsDGILI7yTEKQNYLqXcT2+8m2fyK4BEMnc9Sw8vGwl3Go8MdNmVZpUp+wvyAt5uVfG/Uoj8qCnpAsmjVi1t3Z9BAoo1OPVnmlMKAayuRznLXQ2sxT8TEvIoXS73xwKtKm2CnUSmrIFkOXHDGeU42XOIkiz9WPhsU3IK3rcna94J47FV19dXUqf7qFgPgLLfVYI8eyO7LI+S1sz6N6dJlave0MGSlJC0+GNiB8rJydZq2jFm44a5Y9XEXam3qKCKSdW5oJ7A5DytDJylyx2yM+2xvMKpNNEIBJaSYIwsMsMZGTplEW9HDg0PU2JlO9gRxsswZnwiDOLz0+dqbRk4rviUqQYOGYgHk0gwYIGliqBLdA8XB2AUlR0UQcROWEEaDFi10+catGKOUuhRGOJTMACebKTOkRnGR1jK3WclRa2Ft404SoZScj9nPr938PwTmw6t1ybhKuRpN6HcWk0sbaILxUVRMCwirCwxuvtgC531QcmBgg/Xhcx45/4RbsmNqSZ0WqI7vWZoJJJ7nX42W0g2X6SdTbLODNxdVIY6LzGdIXmz8MrBJ2gszPfK+tUvz1XAD1AG5chBVFGXTJR+xt6eNuULYiW0qBIvPvtrSDUOW4Bu5rObxTFVAuQIBAJOuE5HIG2XJR5ClfA03+6XA3yi9KgpU4g6RCEYcuXSRn0g2y8qCoMGfSFcriKYqXdOHUkAhRCxGcicIPbD523GalsgOLXJjznX3mzzPcQhLasxSLe1qzGoQWJHiSbZxxSjsgTbsa9z/wCaV/z/APaLTdR8w3DwNF2HKPzRaFji6P2+VssJ7fD6i8f2FX/Te2sXzx9UZn8rMkpuTw5JPJGfYQAPIW9V95Mu4si2TQx7uany/XZOYZjG+4fy1H84/o2RHn6DGUvpEQBcgBmNPO1EFU9hcuDJK2ptShJHYgP/2Q==","","","","","",""
"VEG MASALA HOUSE","·  · North Indian","4.7","(652)","₹200–400","Mahal Rd, near AKSHAY PATRA MANDIR","data:image/jpeg;base64,/9j/4AAQSkZJRgABAQAAAQABAAD/4QAqRXhpZgAASUkqAAgAAAABADEBAgAHAAAAGgAAAAAAAABHb29nbGUAAP/bAIQACAYGExIRExITExUVEhUYGxYYFxYYGh0fGhcXIxsdFxgZGhgZIiAeFyAYHBcgKykjJiUoKigYGzkxLCYwIycoJgEJCQkNDA0ZDg4ZKB4dIisnJi8nLScwJycoKi0nJi0tJycmJy0mJyctJycnJiYmJycmJi0nJiYmJiYmJiYtLSYt/8AAEQgAWgBaAwERAAIRAQMRAf/EABsAAAICAwEAAAAAAAAAAAAAAAUGAwQAAgcB/8QAPhAAAgECBAMFAwsCBQUAAAAAAQIRAyEABBIxBUFRBiJhcYETQrEHFBUjMlKRocHR8HLSYoKy4fEWQ1SSov/EABsBAAIDAQEBAAAAAAAAAAAAAAIDAAEEBQYH/8QAMREAAgIBAwMCAwcEAwAAAAAAAQIAEQMEEiExQVETIgVhgRQjMnGx4fAVQsHRUpGh/9oADAMBAAIRAxEAPwDjeUqCSx8hiEeJRkjCNvO+IJVwlwnLsZUDf9cEYJMsZbgGusBUVggb6wr0AJCjxJgW5HGvTYGyflAZwJK/EhScNl1enTC6NLw0DmBc25xO+PV4dOVx+me0ybqfcOsbO1GfyrZWujVwGAD0l1SSy/ZWOhsPCTjm5dY2mYOh9w/9m4gMJzPKceandVhgZBk7jY+hwrP8byZVO5eenyizgBIJlzgGTFSBoYWsQJDRM/DHAbiG5qdSyHybh3RGqASNQZLCQboC0SxWCI+8PIhUoQ1wLsHSzC03ouwoEvreoqhopsywoUkXiQST5YIrXBkADRR7RcI+b1alJmgKSqgQTyIaVkjx6EnkL1sLGlFwW46xdUyAQKJBuD1HXAwuYIocNpq1Wk2mqFka1aFt76kTION+lRXsMJWZitVCXZngCVqgpOzEXLFBcKBuNVvtQPXGfKm16BuGh3Q/9GU6L1KNPWXVA6u0co1SQAJiIsOfTGjBpr9zdPEXlNEgRlyfZ+o9GnURdVNyNcjZhAYkjkQPyx0RlC8XREzKx6VF7jnC6KstOmlUd8hrzJHd0ruN5MkTy8tWn1uTkwcyqtVAfZPgOXzWeqDO1QpDgexqPpaqWsqhhpMju/ZJJ8Bvwc7MXNzo4qKiCW4CFz2Yy/slC0nqd0vOlQZQapIbuxyk872wzR4xkyU3SK1DlFsQvwvMUKGdpJWdRlXgkrJCW2JAFiY22knbFanAq5KHSDhO9bbrOrvnMtnMtqyNaXor3EIZSxVSYQOytKqjegJAMCZg2Jk+8HH6RWpVyPuz9JVp9s6WSoslUacuSKaMpQmpVVmavppox001JANh3jBkxiZNpyFhzG6dSuMBhzOScT7XU6rlzTfUGgGVkoCxBJIkMZJtsScN0eXHgBLck/pKyYnY8HiLFWtRLEik0SYl7x423whmxEmljQHrrMp1WBMGxwkEiGQIzcPqtTdCpPeBvLCV5gwQbcxvbEx0GsxbXXEKcP4otWrTpq57xCNUZjdLyY2LdDAH6bXzKq+2IpifdO7dm3pZdWyVQltS+0UsLMrWI6WYeGMRcv741CAKnCe2FFjUQLqEKxAvb6yoT5GTPrjSGrpBq+sU/ody28mZO8+c9cKc9zHDgQjR4RT1AszK0kyPG9+ZGE7iOkq7hrifCcvWX2mt5QLJQTC8yVOyxqvsDE7GYrESgah7s7wmmM9wv5pUZabvrfWys+tFJadMjS9MOoge+3XDQSVa5SmzEXtlxxszmGbSEpITTpU1BCooM6QCLMftNNyTflgmG3iGOYsk4XDnoI6/kP3xXMkKZ3hZpVGnUKctoZouokrq0yAxAkieuKEhhHhwmnp1Fe8GBHRQxPIxtF7eWJXMAkDmRHKNlcwFYnusCp6jl6xvved8MgmiLE6lxHtaWp05BV1BFwQQraSbkRuJ5GCMJRSDAiz2iygzBR1ksyclBAPeJDHVYGZ1RufDD90tBBRQfNadX5xSDiSabFgzhQD3TpILk2AtfCsi3GHmVcxWCkMIOoc7/kcABYlqJNQ7T1aRV1YgHVErZoi4PPeOl+eCGOpZS5t2Yr1cvnaeZRSKmoux0ghBU1hpAFu4YgxF9otoXpR6QG+UH8azWtmQStMSCs+8CSSJ8Y9cXkVLtb+smMNXui+1NfH/ANh+2FbYyHqAoaV7tPYbhSfU8zgtkHmNWS7dSTpokpsNIFul5wizcrZxFyrnX0NS+bUkFR9WvZwS2oaTKixgDuxA2vgw3cSbTVSHNcZB0lkR4uA0mDYT3akSY5gHzxCWY2TACbeBJM3xeoaYdkTTOkC8XEzAb44oCpNss5DiOun36+WpDkGQt+MbH1wYW4W0ytmqavKivl2v3CspO0khliNxYk7csCQRCCHtPM4VpMoLHWouF0mDYzfa3UHALcIArIKmbpMbh31Eli5EiTJ06NMXJPTDFuxfSUzMRJs5xJRo9msHSQeViTAbTBc3NyTufHDSoHQ3AWz1m/DuEZnM6qlLLiogJVjqCjUbkDXUEmDynfBDG5HAJhiFf+jaoEjK1GMm2qkIFonvnx/DDn0zLW0E/SFK57LZv/wfzT+/E9Fv4INGBc5wdzmn0DXNRmAUEnQTqBNvukY5GDJ7BfiG/Bnn0HUpTrR1MSO5AJuQJ2/XDt4gBr6QnQ4KsamosQQCC2qL+UDCmyt2gmWfmVM0zT9mNBM85nrO/wCeA9RruQK0HVuCUht7QeRm3qDfDFykwwrTahwqmCCHrGDswt8BgjkMNQQZg7P0x/3HnxXEGQ+INGa/QPRp/wApGDDyVMq8DJ96PQ4ajfKVUdex1Rxljk6KlsySzJAs5a+5GlSAPeIBtfHW0mZVUlughLDeZrV8glNc9TcVGFm1UyGiJghtxI6Yf9uxt+DmETKB7Z0uh/Ff7sT7an/EwZzrJJUVi6ZlV7sErNQxa1107Ae9yx5ml8SNVe4xjzNJhSJqV2r6GBIARACQQNkJ5gb3nCchANVKxhC+0RyoUGMBZIsBG0cv0xS2Yr02Y8CacG+S3OVgGY06Sn77y3oqAj/6GLGNpqNLLfEfkyelb5wrEb/VkD/WcMXCT3jsePeLlFOyTKBqCu19mYeWNSabj5zoYcGIL7xzKmc7N1AsrRMyNmBtztq8sEdMa4EmowYtloOZonAHCKXp1Qx3hWte3LpGHLp1Cgt1lYtJiKAt1/OUM/lBTUmWsQIPjhowL2itVpEx496mGuwlOi2Ymo6KwE09T6Tr/wAN7kCcakVkxNsF314vicvIGI9svfKZxb2mYQCoKgRIsVIDE3sosbDmTttjDYwp06xqrxEf2p+6P56Yz+q/iFUWuHcWIZiwU/V1NMqDDkd0w0ix8MJKlhxMi6busNZTtpVVRT06wFtPgJgWPO2FvpyWLRj4DdiEs72zcOdDqlOxRgtyIB70yQZnkMUpyIdojcL7V6y/kvlezdJgEdCm5VwbAgEAMTHMcsb8YDBvUUGoW9W6iGD8sRYzXy+pfv0qinf/AAlR8cMx+meF6xqPt4AhDI/KXw6p9s16P9dLUPT2bN8MaVXJ/at/WP8AtBHaMOW7UcNZQy5umZMAaXDT/Syg+pgeOByPlT8SEfzzC9dj0WDq3yh95ky9BlYH7dbvCAYkCm2kTuJY8rY52pz5FoNxc06PSHU8uSB4H+/2id2mztauGqV2LkAAGAIk2gCBFzi8bZMaeqeniadbokx6chBQiIqe1MaoWYt1x6DRalhi9QDrPMgcwtw5mClGUjRYzz6HyOMOs0xfMMrfhMet7bhD2g6fz8MbBiFcCDcRTmV1AhSsrcTqF+lgQN+Zxw9MoKmUpozdGJgj0uB+f++NRUVHq1zWtQYMSyNpYSpYEAjkQYuPLF6FFyOysLiAm0kESajQmRAkiPGARYQR8OWOkmkS68wwiyKtldJBvsefqD/OmM2o0y4nBHSXsrkSFajciQPDETG2Q8GhE+syjgwxRVlam3dJgMNQMG0wdun/ADh2X7tTTHxOgGIKng2L5/KMvA+M1CyUwgKkyxEgKDNhygRYdMBq9L6uQZfAE2/DPiBVxi2j3Hr4+kuCsahqhmkXEHkVIMR5Y5OLBkdmxsesJtQ2U5FY/wABlPL8NpjURdmPM/vjv6HDsxgHpOSwHiSJS0SPdIiOnkemN+XEMibTKRilgd573eh/DCRpqFXAnNJNvARjzOB1QUYo3VyU17DeR8BjUj4zxcIZJb9sQtMTbpgvhg++Yias+W0UQnTcGAYPgIHnNt+fMb8sdj3KSD+kJKccy6tH2gRAwWFI5EGPvBt9/wAgOQxz/iRYKGmtNKMntBlyj2ZS4BBaIMRHmAsAH1xzl1LrRgf0hyLHMsZamA6UnGruAKSAQ2ieZI70QYj1ONWFTlO++/SIdxSoewqSZBzSZeaNUK6R7hLQpge7yPSF5Tjo6rOiAL/cZWkBXMp7XLv0aS5eDJkW5qZ3HrPh+OA0WnBQk9/0/ePf25SR85IcjzjHWSgKERtkT0BtfDLEEqJnzXz/AAGJtEr05yio8AdceEPEyOfaBNA564bjTvAB5lk2BPQ416XKcBLiOdLBMtUMyw87W/m+Op/UlseovPygozdoUoZgT3yFECSf39BjL8Vz48mEHEO86emznGx39o2UVXSItEEX6EcuuPNpl35ADNX2p3Yc8TK/DkcFQy0n+2rkxpKx3gNzFrXnG7SYtQOQaH+JhzBTfmGMrl1ggTBuWK6WO2qFk6VLSYkmIHLHdXDvYMYKEiWtBEQwv4Gcb1qHulXMJGxn+fHDwRBJEou5Hn42wQYQbi29bPEkwwvsNMel9sbgcFdZkL5fEQ6nLyx8yBMFp6mNKk1BHWEKnP8Aq/TFBjxHv0Mjo/aPpg1Y+p17RS9Ib4UJqGb+flgkY7iLmgnrGHJj6n/NHp08sKyAbwZMLHjmFigkGBIEA87zN/QfhjejHd9JGJuFqKjSMbFdvMm4zat+mDLt5MFmMhPLBHI3kwSxmZhR0wIyP5MgYyAoOgwHqP5P/cm4+Z//2Q==","","","","","",""
"Elite kitchen lounge bar | Rooftop bar in Jaipur","· Grill","4.0","(891)","","2nd floor, Kumbha Marg, above HDFC bank","data:image/jpeg;base64,/9j/4AAQSkZJRgABAQAAAQABAAD/4QBoRXhpZgAASUkqAAgAAAACADEBAgAHAAAAJgAAAGmHBAABAAAALgAAAAAAAABQaWNhc2EAAAIAAJAHAAQAAAAwMjIwA5ACABQAAABMAAAAAAAAADIwMTg6MDc6MjMgMTg6MzQ6NTMA/9sAhAAIBgYTEBETExISFRUTFhgYFxgXFRggGRkYIBkWFhgaGxUYHRglHRgZIBcfFR0rICElKCgoKhYbOTEtJzIiJygmAQkJCQ0MDRkODhknHx0fLSYmJiYmLS0nJy0nJycnLScnJi0nJicmJiYmJycnJycmJy0nLSYtJiYnLSYmJiYtJib/wAARCABaAFoDAREAAhEBAxEB/8QAHAAAAQUBAQEAAAAAAAAAAAAABAIDBQYHAQAI/8QARxAAAgECBAMEBQcHCgcAAAAAAQIRAyEABBIxBUFRBhMiYSMycYGRBxRCcqGxshWSs8HR0vAWJDM0UlN0gsLhQ1Ric4OTov/EABkBAAMBAQEAAAAAAAAAAAAAAAECAwAEBf/EACsRAAICAQMDAwMEAwAAAAAAAAABAhExAxIhBBNRIkFxMpHBYaHR8BRSgf/aAAwDAQACEQMRAD8A19RjCiw2CjER2i7T0chTSpX16XfQNC6jOlmvcWhTg4NVkFk/lNyjMdK1iXPhGlZMLeAXk7Nt0PQ41moXU+VXJifDWNpsikbCLh9ri+BvSGUJNWindp+0mVzw1hSjgFSHEAwzaSl7mJJHI48rroy7sdTT+H+PyX04tKmG9gcpkmy9YMhaqzQzgQVEKVFN5mQQGnrHTHV0vphcssTUXPBdsrXoUKBoUVcJfSpiFFrC/qgWGOhzTVITbzZHq4ja8ziCQ7aFd8OmCKVntlwCpnUpCmyqUZidcjcRaAcNB0BlB/kVU/v6R9i1CPcRTgjzGKWA+jQR1w1godFM41o1Mzf5aR/Nct/iR+gr4zMjOuGNooazpZTrpkFVIVToJVmIlQxYvvpARrEtbDD35JOgIKiyzAuzCdRKMdpnTSpkkC5ao1gAoYajAmfyABR0AAOg6F8QVYlS7zDNp06otJa+0in7KwOUY5dF37CVGenVB0rpcAaFUEjSILkLLN5m+Ek6Hi1LlFrNPzP8e7A3M1CDT8z8cZydAoT3Q6t+cf24Xcw0A1KIqg3YUr/SPpOXWyfi9nrZyrJgte76n85v3sbuLyCi3iqMWEH0rY1BsqPyl9nqmdyiCkwBo1O9IPMCnUUgecNPuwMBMhocJhbrSY9SXE3JEgRO/wBgxzycm7Umvt+SiiOjhIDEinQ0kAaSXMQSSZImTI+GEqTVObvzwNX6IHzuVFJGbu6Qt9FnJPSxEe//AHx0dNOcJ5cv0pfjk5+o0VOPLosnYzjFPKUqgqEtrcOO7EgDSovMXkHB1dTdK2PpQUYpJlhftfR5LU/NH7cS3FNotu0aBUbQ51zAAE2IF74LfCBtAcz2pplioR2EbLBk8xvdR9vs3DkkCiB4n29SsO6oB1cEzrETpG4Iad7wemIdVpOUU7496K9PBTntuiFPaKsPpD+P/JjkWgvD/b+Ds/xof7G7rUx7R5I6KuMY7VeVYdQfuxngKyU2pwZTyxzlhn8jDpjBIrj/AAkig+lJMTblFyb9I+3G7j0/WvYK04aj2anCK+/C87qod3TpilpTXNzY+L4rEYKkpK5ZYriouoYWPguL8HHdbCdPTywKMMVcme7QDcavfJ2NrDC6u5Q9OTLJWnydesGGlaQBI1CQ5IAt5oZJN9wN4xLRTcPVz8g6jSeIy+xG/MmRqlObaTqIEF/RgjWdzB5beWOlPihFwgEZP+LfswTG51cyEVmMwoJMXNumKiBKvgBoWzWPsOA8BS5I3MVkpLqcws+3fEUmytgf5ZoWGvfax6x0w2xmtBObrJSQvUdUQbsxAUXi5NhfCrkJF/ylyf8AzeX/APan72G2vwa0HZ61F/qH8OAsmZRc5nnSjQLZgLIqSWqIJ9IIuTBgSLYtSECuz2a70VPSrUiPVdXiZ/skxP6sLNcGAeJECs45lZ92nT06g4RIDK/q/wCsfEYIpfMx2yphWFQIBpII1ybjaNG56Ya2NGDlhDtHtyp3QIDsS0jy2XngbjbaJWn2npnTceIgCGHMxgtgqhXalgMuZIHiXcx9uF08jMpXD83TqOhRkaHCmCLEPtt5j44q8ARau3n9Qr+xf0i4hDI8sGHZ4eB/qn7jiwjPojOIDSYHbSZ+GIlDOO2eRRcmAVAZC0bWmoZ2tvGHTwK0C/JyoAzMdaX6IfrnBlgVEjxZYqM5jSEAmR1flM8xhUZlP7nzX84ftxqAFVeK0HB1UlLGLmSbWs1iPYMdcdNVTISWrdxYxVJqwtOjVamdIlVcgXtJC8rHf9eE7SSuyu9tc5LHxDgz0lyzGyLXos5ZohQ6m45nEoxYFOUnyWDinbfKVgtNCauo30yCsRsLMSRMadowexJJtlt1cokuH5XJ1ABSoaNGknX6xMmCTqMkQLzO2JN0uOB3cuWM9ss8jZHMQQY0gjp6RN74EMgkqRiudbwP9U/ccWQjPoDjFXTl6xBuKbEe5TiSyOzG8/xU1Mlli7Emotdj5xmTvim2qEu0S3yaN/W/rU/wnAngESez5k1FudtvYeWFT4FnJR5ZCfk7z/8Alv3cHcifej5GPmeVyoFN0lyAZqeMqLiwUKtyDzx1rdLnA56pxSj3fdqKMaX0sKboyMQNDCarhoO8722i+Wm7tswzSbMOV/nMBxIJmWFroPpDa9hffDS2oJP0cuaNRGeo7eF51tvJEErEcoEdTM74jKYQniHGWy9Ko9OC3hvvEmNuW58sS00pz5wUfCI3JipWylYGmrNW8YMkBiNJGuGHMco2xPE2Vmk4rb45+SJzHZWoVMZemZBEd4/91I/4vOpI9nxw+6JFxl4NE45xRfm1WBvTI+I9uEg05IdxdGYZ/hxq5PKGkjEAZgRMxOYbcnfY4vquMZUT2t4D+xE5cV+9BXWUI84BB2OI6kk1wNCEvcErZhhnJDmGdeUblQeUbc8RjGN2DqNHUWnua4ND0YqeSZnmsjrIIq0yWkjx07iWJPhqMxiCPCpPhOO2CUVk9IkOHcLVKiAL3h1eJnEKoC1jIUmB4kTxMTvYKcFydAJTQUekSNTqjKahkkMHoyFv4pk+IifCPVxJyphQ1mc0ah1OCtNVZiSDyBYzF+XIc9uWJXulRSqQG+XGaqd0lZB4NRSKgDAhXAJ0ARBUx19lunUlUeMCVYbnOE1TTKl6KrYeHXaI2Gn2Y5N0VzY+yWCNqdlqg1emQaZmNdrgGIXqRg74g7ciYqcNrsujVT8QgXfnK/2OuFTjeQuMhnM0KtPK0ab1KZWk5gsWBAaZS67AxHT2QMdOlNbhcBPD62oEEo3hDAqwJIJIBIHKQb+WObqYxTuJbTlfAmtwZXcPpIYQZ1GLEEEC4xzptFNRuWn22+BdTLSSTUeSZtUIHuE2GG3nD2Cu5TL0AMtUNapBFRQndDUdJct4u9KrZx129w9K3f2GZYc5naVJGJeoKYRagARSfFNx6S7X3iOnMYSUwJWAjNpUrMi1XEVKi3orA0MkgHv5vBvHO8ReEuSkXR3vafdVdVaroFNi6ikoJBXT4SaxE3BEyLYXTXrVFJN0Kp0MumZqOj5lWX0cAJH9ASImSYVR/mi0Y616lTr+shZ48QcjSXYgCoxjSCQE1QPAQI0m8fSxR6Gn4Dvl5Hn4jD1zNSRP0lIHpUWwNPpa/wB98J2IccLn58fIe4xVDivioXqXjml/Stv4BgPp4c8Y+fBt7AOL5xWpVVd6rBXW+lJ3YTYgH7MFaai00Bs9wTTqQp3jE0FsVAgCtXW5Dm5jb7enL1Ftf9KaT5ZLmqzW2H3+z39I92OSmWYoo/8AB/3xqFpFcywoDLUy1JiU7wj0gJ8UAgwgBBDLa2wvj0XP3Rze4jilSk8hu/vQp+qEMghOQgattoA5YkxookWSiuaYL3gYuxiARLKrMQTUmJ8tzyGFbVhSbid4ZRp6aoV3U6GF0AblLadZDbbERhIy5spNPBzPMiF3FQElxINJBE06iCWHiBgzJvaNicdWhLdKiElQJl6gYVoIlaFZrgMPUKyVNiJYb2x0a8qhaAuXQCK9Qmu0pDAkehQ+tWptcqt7SPbfljk73yU2HafEGBpGKR0ETCwT6Qt4SGA2I35zgd7OTdtj9ekT84AWnLVDYmqNmJBPpucn1Y2PkMHv/sDYwrJk01p6VQRS0nTqm1as0DUzkAap2JmbxbEdSe4pGG1hHzyZ5ncwZnza8nzAAxGiqZ4Znz+FNCPcdV8AJXD/AFdvrN+Oljr9jkeRqvdADt81pfhp4WRSBZaig5hjF+vuwj+oK+g7lDGXYjcUWg9LcumEWWNLK+QXtT/RD/uL+jbHR02WRmQ/APXrf4ar+Kni+t9AqyguIFaOn+qmfvxxrBZ5AnUXtyT/AFYywEMrue9qiTGp7f58Ay9gyvYqOQ2HIekqbYX2CKyJ1UyGuA9pvHsxpBjkCdiCb88YY//Z","","","Dine-in","·","Drive-through","No-contact delivery"